id,time,SuDuMoNiLiang,FPLCSuDu,BianmaQiSuDu,CSJSuDu,LGuanLongShenDu,FPLCShenDu,BianmaQiShenDu,DianshuDianliu1,DianshuDianliu2,LiCi_Current,ZhiDongPressure,Shang_GuoJuan,Xia_GuoJuan
5673,2023/2/19 06:08:08,0,0,0,0,-410.1067505,-410.0426025,-410.1516724,0,0,0,0.037226278334856,0,0
5674,2023/2/19 06:08:12,0,0,0,0,-410.1067505,-410.0426025,-410.1516724,0,0,0,0.037226278334856,0,0
5675,2023/2/19 06:08:16,0,0,0,0,-410.1067505,-410.0426025,-410.1516724,0,0,0,0.037226278334856,0,0
5676,2023/2/19 06:08:20,0,0,0,0,-410.1067505,-410.0426025,-410.1516724,0,0,0,0.037226278334856,0,0
5677,2023/2/19 06:08:24,0,0,0,0,-410.1067505,-410.0426025,-410.1516724,0,0,0,0.037226278334856,0,0
5678,2023/2/19 06:08:28,0,0,0,0,-410.1067505,-410.0426025,-410.1516724,0,0,0,0.037226278334856,0,0
5679,2023/2/19 06:08:32,0,0,0,0,-410.1067505,-410.0426025,-410.1516724,0,0,0,0.037226278334856,0,0
5680,2023/2/19 06:08:36,0,0,0,0,-410.1067505,-410.0426025,-410.1516724,0,0,0,0.037226278334856,0,0
5681,2023/2/19 06:08:40,0,0,0,0,-410.1067505,-410.0426025,-410.1516724,0,0,0,0.037226278334856,0,0
5682,2023/2/19 06:08:44,0,0,0,0,-410.1067505,-410.0426025,-410.1516724,0,0,0,0.037226278334856,0,0
5683,2023/2/19 06:08:48,0,0,0,0,-410.1067505,-410.0426025,-410.1516724,0,0,0,0.037226278334856,0,0
5684,2023/2/19 06:08:52,0,0,0,0,-410.1067505,-410.0426025,-410.1516724,0,0,0,0.037226278334856,0,0
5685,2023/2/19 06:08:56,0,0,0,0,-410.1067505,-410.0426025,-410.1516724,0,0,0,0.037226278334856,0,0
5686,2023/2/19 06:09:00,0,0,0,0,-410.1067505,-410.0426025,-410.1516724,0,0,0,0.037226278334856,0,0
5687,2023/2/19 06:09:04,0,0,0,0,-410.1067505,-410.0426025,-410.1516724,0,0,0,0.037226278334856,0,0
5688,2023/2/19 06:09:08,0,0,0,0,-410.1067505,-410.0426025,-410.1516724,0,0,0,0.037226278334856,0,0
5689,2023/2/19 06:09:12,0,0,0,0,-410.1067505,-410.0426025,-410.1516724,0,0,0,0.037226278334856,0,0
5690,2023/2/19 06:09:16,0,0,0,0,-410.1067505,-410.0426025,-410.1516724,0,0,0,0.037226278334856,0,0
5691,2023/2/19 06:09:20,0,0,0,0,-410.1067505,-410.0426025,-410.1516724,0,0,0,0.037226278334856,0,0
5692,2023/2/19 06:09:24,0,0,0,0,-410.1067505,-410.0426025,-410.1516724,0,0,0,0.037226278334856,0,0
5693,2023/2/19 06:09:28,0,0,0,0,-410.1067505,-410.0426025,-410.1516724,0,0,0,0.037226278334856,0,0
5694,2023/2/19 06:09:32,0,0,0,0,-410.1067505,-410.0426025,-410.1516724,0,0,0,0.037226278334856,0,0
5695,2023/2/19 06:09:36,0,0,0,0,-410.1067505,-410.0426025,-410.1516724,0,0,0,0.037226278334856,0,0
5696,2023/2/19 06:09:40,0,0,0,0,-410.1067505,-410.0426025,-410.1516724,0,0,0,0.037226278334856,0,0
5697,2023/2/19 06:09:44,0,0,0,0,-410.1067505,-410.0426025,-410.1516724,0,0,0,0.037226278334856,0,0
5698,2023/2/19 06:09:48,0,0,0,0,-410.1067505,-410.0426025,-410.1516724,0,0,0,0.037226278334856,0,0
5699,2023/2/19 06:09:52,0,0,0,0,-410.1067505,-410.0426025,-410.1516724,0,0,0,0.037226278334856,0,0
5700,2023/2/19 06:09:56,0,0,0,0,-410.1067505,-410.0426025,-410.1516724,0,0,0,0.037226278334856,0,0
5701,2023/2/19 06:10:00,0,0,0,0,-410.1067505,-410.0426025,-410.1516724,0,0,0,0.037226278334856,0,0
5702,2023/2/19 06:10:04,0,0,0,0,-410.1067505,-410.0426025,-410.1516724,0,0,0,0.037226278334856,0,0
5703,2023/2/19 06:10:08,0,0,0,0,-410.1067505,-410.0426025,-410.1516724,0,0,0,0.037226278334856,0,0
5704,2023/2/19 06:10:12,0,0,0,0,-410.1067505,-410.0426025,-410.1516724,0,0,0,0.037226278334856,0,0
5705,2023/2/19 06:10:16,0,0,0,0,-410.1067505,-410.0426025,-410.1516724,0,0,0,0.037226278334856,0,0
5706,2023/2/19 06:10:20,0,0,0,0,-410.1067505,-410.0426025,-410.1516724,0,0,0,0.037226278334856,0,0
5707,2023/2/19 06:10:24,0,0,0,0,-410.1067505,-410.0426025,-410.1516724,0,0,0,0.037226278334856,0,0
5708,2023/2/19 06:10:28,0,0,0,0,-410.1067505,-410.0426025,-410.1516724,0,0,0,0.037226278334856,0,0
5709,2023/2/19 06:10:32,0,0,0,0,-410.1067505,-410.0426025,-410.1516724,0,0,0,0.037226278334856,0,0
5710,2023/2/19 06:10:36,0,0,0,0,-410.1067505,-410.0426025,-410.1516724,0,0,0,0.037226278334856,0,0
5711,2023/2/19 06:10:40,0,0,0,0,-410.1067505,-410.0426025,-410.1516724,0,0,0,0.037226278334856,0,0
5712,2023/2/19 06:10:44,0,0,0,0,-410.1067505,-410.0426025,-410.1516724,0,0,0,0.037226278334856,0,0
5713,2023/2/19 06:10:48,0,0,0,0,-410.1067505,-410.0426025,-410.1516724,0,0,0,0.037226278334856,0,0
5714,2023/2/19 06:10:52,0,0,0,0,-410.1067505,-410.0426025,-410.1516724,0,0,0,0.037226278334856,0,0
5715,2023/2/19 06:10:56,0,0,0,0,-410.1067505,-410.0426025,-410.1516724,0,0,0,0.037226278334856,0,0
5716,2023/2/19 06:11:00,0,0,0,0,-410.1067505,-410.0426025,-410.1516724,0,0,0,0.037226278334856,0,0
5717,2023/2/19 06:11:04,0,0,0,0,-410.1067505,-410.0426025,-410.1516724,0,0,0,0.037226278334856,0,0
5718,2023/2/19 06:11:08,0,0,0,0,-410.1067505,-410.0426025,-410.1516724,0,0,0,0.037226278334856,0,0
5719,2023/2/19 06:11:12,0,0,0,0,-410.1067505,-410.0426025,-410.1516724,0,0,0,0.037226278334856,0,0
5720,2023/2/19 06:11:16,0,0,0,0,-410.1067505,-410.0426025,-410.1516724,0,0,0,0.037226278334856,0,0
5721,2023/2/19 06:11:20,0,0,0,0,-410.1067505,-410.0426025,-410.1516724,0,0,0,0.037226278334856,0,0
5722,2023/2/19 06:11:24,0,0,0,0,-410.1067505,-410.0426025,-410.1516724,0,0,0,0.037226278334856,0,0
5723,2023/2/19 06:11:28,0,0,0,0,-410.1067505,-410.0426025,-410.1516724,0,0,0,0.037226278334856,0,0
5724,2023/2/19 06:11:32,0,0,0,0,-410.1067505,-410.0426025,-410.1516724,0,0,0,0.037226278334856,0,0
5725,2023/2/19 06:11:36,0,0,0,0,-410.1067505,-410.0426025,-410.1516724,0,0,0,0.037226278334856,0,0
5726,2023/2/19 06:11:40,0,0,0,0,-410.1067505,-410.0426025,-410.1516724,0,0,0,0.037226278334856,0,0
5727,2023/2/19 06:11:44,0,0,0,0,-410.1067505,-410.0426025,-410.1516724,0,0,0,0.037226278334856,0,0
5728,2023/2/19 06:11:48,0,0,0,0,-410.1067505,-410.0426025,-410.1516724,0,0,0,0.037226278334856,0,0
5729,2023/2/19 06:11:52,0,0,0,0,-410.1067505,-410.0426025,-410.1516724,0,0,0,0.037226278334856,0,0
5730,2023/2/19 06:11:56,0,0,0,0,-410.1067505,-410.0426025,-410.1516724,0,0,0,0.037226278334856,0,0
5731,2023/2/19 06:12:00,0,0,0,0,-410.1067505,-410.0426025,-410.1516724,0,0,0,0.037226278334856,0,0
5732,2023/2/19 06:12:04,0,0,0,0,-410.1067505,-410.0426025,-410.1516724,0,0,0,0.037226278334856,0,0
5733,2023/2/19 06:12:08,0,0,0,0,-410.1067505,-410.0426025,-410.1516724,0,0,0,0.037226278334856,0,0
5734,2023/2/19 06:12:12,0,0,0,0,-410.1067505,-410.0426025,-410.1516724,0,0,0,0.037226278334856,0,0
5735,2023/2/19 06:12:16,0,0,0,0,-410.1067505,-410.0426025,-410.1516724,0,0,0,0.037226278334856,0,0
5736,2023/2/19 06:12:20,0,0,0,0,-410.1067505,-410.0426025,-410.1516724,0,0,0,0.037226278334856,0,0
5737,2023/2/19 06:12:24,0,0,0,0,-410.1067505,-410.0426025,-410.1516724,0,0,0,0.037226278334856,0,0
5738,2023/2/19 06:12:28,0,0,0,0,-410.1067505,-410.0426025,-410.1516724,0,0,0,0.037226278334856,0,0
5739,2023/2/19 06:12:32,0,0,0,0,-410.1067505,-410.0426025,-410.1516724,0,0,0,0.037226278334856,0,0
5740,2023/2/19 06:12:36,0,0,0,0,-410.1067505,-410.0426025,-410.1516724,0,0,0,0.037226278334856,0,0
5741,2023/2/19 06:12:40,0,0,0,0,-410.1067505,-410.0426025,-410.1516724,0,0,0,0.037226278334856,0,0
5742,2023/2/19 06:12:44,0,0,0,0,-410.1067505,-410.0426025,-410.1516724,0,0,0,0.037226278334856,0,0
5743,2023/2/19 06:12:48,0,0,0,0,-410.1067505,-410.0426025,-410.1516724,0,0,0,0.037226278334856,0,0
5744,2023/2/19 06:12:52,0,0,0,0,-410.1067505,-410.0426025,-410.1516724,0,0,0,0.037226278334856,0,0
5745,2023/2/19 06:12:56,0,0,0,0,-410.1067505,-410.0426025,-410.1516724,0,0,0,0.037226278334856,0,0
5746,2023/2/19 06:13:00,0,0,0,0,-410.1067505,-410.0426025,-410.1516724,0,0,0,0.037226278334856,0,0
5747,2023/2/19 06:13:04,0,0,0,0,-410.1067505,-410.0426025,-410.1516724,0,0,0,0.037226278334856,0,0
5748,2023/2/19 06:13:08,0,0,0,0,-410.1067505,-410.0426025,-410.1516724,0,0,0,0.037226278334856,0,0
5749,2023/2/19 06:13:12,0,0,0,0,-410.1067505,-410.0426025,-410.1516724,0,0,0,0.037226278334856,0,0
5750,2023/2/19 06:13:16,0,0,0,0,-410.1067505,-410.0426025,-410.1516724,0,0,0,0.037226278334856,0,0
5751,2023/2/19 06:13:20,0,0,0,0,-410.1067505,-410.0426025,-410.1516724,0,0,0,0.037226278334856,0,0
5752,2023/2/19 06:13:24,0,0,0,0,-410.1067505,-410.0426025,-410.1516724,0,0,0,0.037226278334856,0,0
5753,2023/2/19 06:13:28,0,0,0,0,-410.1067505,-410.0426025,-410.1516724,0,0,0,0.037226278334856,0,0
5754,2023/2/19 06:13:32,0,0,0,0,-410.1067505,-410.0426025,-410.1516724,0,0,0,0.037226278334856,0,0
5755,2023/2/19 06:13:36,0,0,0,0,-410.1067505,-410.0426025,-410.1516724,0,0,0,0.037226278334856,0,0
5756,2023/2/19 06:13:40,0,0,0,0,-410.1067505,-410.0426025,-410.1516724,0,0,0,0.037226278334856,0,0
5757,2023/2/19 06:13:44,0,0,0,0,-410.1067505,-410.0426025,-410.1516724,0,0,0,0.037226278334856,0,0
5758,2023/2/19 06:13:48,0,0,0,0,-410.1067505,-410.0426025,-410.1516724,6.66666650772095,0,0,0.037226278334856,0,0
5759,2023/2/19 06:13:52,0,0,0,0,-410.1067505,-410.0426025,-410.1516724,0,0,0,0.037226278334856,0,0
5760,2023/2/19 06:13:56,0,0,0,0,-410.1067505,-410.0426025,-410.1516724,0,0,0,0.037226278334856,0,0
5761,2023/2/19 06:14:00,0,0,0,0,-410.1067505,-410.0426025,-410.1516724,0,0,0,0.037226278334856,0,0
5762,2023/2/19 06:14:04,0,0,0,0,-410.1067505,-410.0426025,-410.1516724,0,0,0,0.037226278334856,0,0
5763,2023/2/19 06:14:08,0,0,0,0,-410.1067505,-410.0426025,-410.1516724,0,0,0,0.037226278334856,0,0
5764,2023/2/19 06:14:12,0,0,0,0,-410.1067505,-410.0426025,-410.1516724,0,0,0,0.037226278334856,0,0
5765,2023/2/19 06:14:16,0,0,0,0,-410.1067505,-410.0426025,-410.1516724,0,0,0,0.037226278334856,0,0
5766,2023/2/19 06:14:20,0,0,0,0,-410.1067505,-410.0426025,-410.1516724,0,0,0,0.037226278334856,0,0
5767,2023/2/19 06:14:24,0,0,0,0,-410.1067505,-410.0426025,-410.1516724,0,0,0,0.037226278334856,0,0
5768,2023/2/19 06:14:28,0,0,0,0,-410.1067505,-410.0426025,-410.1516724,0,0,0,0.037226278334856,0,0
5769,2023/2/19 06:14:32,0,0,0,0,-410.1067505,-410.0426025,-410.1516724,0,0,0,0.037226278334856,0,0
5770,2023/2/19 06:14:36,0,0,0,0,-410.1067505,-410.0426025,-410.1516724,0,0,0,0.037226278334856,0,0
5771,2023/2/19 06:14:40,0,0,0,0,-410.1067505,-410.0426025,-410.1516724,0,0,0,0.037226278334856,0,0
5772,2023/2/19 06:14:44,0,0,0,0,-410.1067505,-410.0426025,-410.1516724,0,0,0,0.037226278334856,0,0
5773,2023/2/19 06:14:48,0,0,0,0,-410.1067505,-410.0426025,-410.1516724,0,0,0,0.037226278334856,0,0
5774,2023/2/19 06:14:52,0,0,0,0,-410.1067505,-410.0426025,-410.1516724,0,0,0,0.037226278334856,0,0
5775,2023/2/19 06:14:56,0,0,0,0,-410.1067505,-410.0426025,-410.1516724,0,0,0,0.037226278334856,0,0
5776,2023/2/19 06:15:00,0,0,0,0,-410.1067505,-410.0426025,-410.1516724,0,0,0,0.037226278334856,0,0
5777,2023/2/19 06:15:04,0,0,0,0,-410.1067505,-410.0426025,-410.1516724,0,0,0,0.037226278334856,0,0
5778,2023/2/19 06:15:08,0,0,0,0,-410.1067505,-410.0426025,-410.1516724,0,0,0,0.037226278334856,0,0
5779,2023/2/19 06:15:12,0,0,0,0,-410.1067505,-410.0426025,-410.1516724,0,0,0,0.037226278334856,0,0
5780,2023/2/19 06:15:16,0,0,0,0,-410.1067505,-410.0426025,-410.1516724,0,0,0,0.037226278334856,0,0
5781,2023/2/19 06:15:20,0,0,0,0,-410.1067505,-410.0426025,-410.1516724,0,0,0,0.037226278334856,0,0
5782,2023/2/19 06:15:24,0,0,0,0,-410.1067505,-410.0426025,-410.1516724,0,0,0,0.037226278334856,0,0
5783,2023/2/19 06:15:28,0,0,0,0,-410.1067505,-410.0426025,-410.1516724,0,0,0,0.037226278334856,0,0
5784,2023/2/19 06:15:32,0,0,0,0,-410.1067505,-410.0426025,-410.1516724,0,0,0,0.037226278334856,0,0
5785,2023/2/19 06:15:36,0,0,0,0,-410.1067505,-410.0426025,-410.1516724,0,0,0,0.037226278334856,0,0
5786,2023/2/19 06:15:40,0,0,0,0,-410.1067505,-410.0426025,-410.1516724,0,0,0,0.037226278334856,0,0
5787,2023/2/19 06:15:44,0,0,0,0,-410.1067505,-410.0426025,-410.1516724,0,0,0,0.037226278334856,0,0
5788,2023/2/19 06:15:48,0,0,0,0,-410.1067505,-410.0426025,-410.1516724,0,0,0,0.037226278334856,0,0
5789,2023/2/19 06:15:52,0,0,0,0,-410.1067505,-410.0426025,-410.1516724,0,0,0,0.037226278334856,0,0
5790,2023/2/19 06:15:56,0,0,0,0,-410.1067505,-410.0426025,-410.1516724,0,0,0,0.037226278334856,0,0
5791,2023/2/19 06:16:00,0,0,0,0,-410.1067505,-410.0426025,-410.1516724,0,0,0,0.037226278334856,0,0
5792,2023/2/19 06:16:04,0,0,0,0,-410.1067505,-410.0426025,-410.1516724,0,0,0,0.037226278334856,0,0
5793,2023/2/19 06:16:08,0,0,0,0,-410.1067505,-410.0426025,-410.1516724,0,0,0,0.037226278334856,0,0
5794,2023/2/19 06:16:12,0,0,0,0,-410.1067505,-410.0426025,-410.1516724,0,0,0,0.037226278334856,0,0
5795,2023/2/19 06:16:16,0,0,0,0,-410.1067505,-410.0426025,-410.1516724,0,0,0,0.037226278334856,0,0
5796,2023/2/19 06:16:20,0,0,0,0,-410.1067505,-410.0426025,-410.1516724,0,0,0,0.037226278334856,0,0
5797,2023/2/19 06:16:24,0,0,0,0,-410.1067505,-410.0426025,-410.1516724,0,0,0,0.037226278334856,0,0
5798,2023/2/19 06:16:28,0,0,0,0,-410.1067505,-410.0426025,-410.1516724,0,0,0,0.037226278334856,0,0
5799,2023/2/19 06:16:32,0,0,0,0,-410.1067505,-410.0426025,-410.1516724,0,0,0,0.037226278334856,0,0
5800,2023/2/19 06:16:36,0,0,0,0,-410.1067505,-410.0426025,-410.1516724,0,0,0,0.037226278334856,0,0
5801,2023/2/19 06:16:40,0,0,0,0,-410.1067505,-410.0426025,-410.1516724,0,0,0,0.037226278334856,0,0
5802,2023/2/19 06:16:44,0,0,0,0,-410.1067505,-410.0426025,-410.1516724,0,0,0,0.037226278334856,0,0
5803,2023/2/19 06:16:48,0,0,0,0,-410.1067505,-410.0426025,-410.1516724,0,0,0,0.037226278334856,0,0
5804,2023/2/19 06:16:52,0,0,0,0,-410.1067505,-410.0426025,-410.1516724,0,0,0,0.037226278334856,0,0
5805,2023/2/19 06:16:56,0,0,0,0,-410.1067505,-410.0426025,-410.1516724,0,0,0,0.037226278334856,0,0
5806,2023/2/19 06:17:00,0,0,0,0,-410.1067505,-410.0426025,-410.1516724,0,0,0,0.037226278334856,0,0
5807,2023/2/19 06:17:04,0,0,0,0,-410.1067505,-410.0426025,-410.1516724,0,0,0,0.037226278334856,0,0
5808,2023/2/19 06:17:08,0,0,0,0,-410.1067505,-410.0426025,-410.1516724,0,0,0,0.037226278334856,0,0
5809,2023/2/19 06:17:12,0,0,0,0,-410.1067505,-410.0426025,-410.1516724,0,0,0,0.037226278334856,0,0
5810,2023/2/19 06:17:16,0,0,0,0,-410.1067505,-410.0426025,-410.1516724,0,0,0,0.037226278334856,0,0
5811,2023/2/19 06:17:20,0,0,0,0,-410.1067505,-410.0426025,-410.1516724,0,0,0,0.037226278334856,0,0
5812,2023/2/19 06:17:24,0,0,0,0,-410.1067505,-410.0426025,-410.1516724,0,0,0,0.037226278334856,0,0
5813,2023/2/19 06:17:28,0,0,0,0,-410.1067505,-410.0426025,-410.1516724,0,0,0,0.037226278334856,0,0
5814,2023/2/19 06:17:32,0,0,0,0,-410.1067505,-410.0426025,-410.1516724,0,0,0,0.037226278334856,0,0
5815,2023/2/19 06:17:36,0,0,0,0,-410.1067505,-410.0426025,-410.1516724,0,0,0,0.037226278334856,0,0
5816,2023/2/19 06:17:40,0,0,0,0,-410.1067505,-410.0426025,-410.1516724,0,0,0,0.037226278334856,0,0
5817,2023/2/19 06:17:44,0,0,0,0,-410.1067505,-410.0426025,-410.1516724,0,0,0,0.037226278334856,0,0
5818,2023/2/19 06:17:48,0,0,0,0,-410.1067505,-410.0426025,-410.1516724,0,0,0,0.037226278334856,0,0
5819,2023/2/19 06:17:52,0,0,0,0,-410.1067505,-410.0426025,-410.1516724,0,0,0,0.037226278334856,0,0
5820,2023/2/19 06:17:56,0,0,0,0,-410.1067505,-410.0426025,-410.1516724,0,0,0,0.037226278334856,0,0
5821,2023/2/19 06:18:00,0,0,0,0,-410.1067505,-410.0426025,-410.1516724,0,0,0,0.037226278334856,0,0
5822,2023/2/19 06:18:04,0,0,0,0,-410.1067505,-410.0426025,-410.1516724,0,0,0,0.037226278334856,0,0
5823,2023/2/19 06:18:08,0,0,0,0,-410.1067505,-410.0426025,-410.1516724,0,0,0,0.037226278334856,0,0
5824,2023/2/19 06:18:12,0,0,0,0,-410.1067505,-410.0426025,-410.1516724,0,0,0,0.037226278334856,0,0
5825,2023/2/19 06:18:16,0,0,0,0,-410.1067505,-410.0426025,-410.1516724,0,0,0,0.037226278334856,0,0
5826,2023/2/19 06:18:20,0,0,0,0,-410.1067505,-410.0426025,-410.1516724,0,0,0,0.037226278334856,0,0
5827,2023/2/19 06:18:24,0,0,0,0,-410.1067505,-410.0426025,-410.1516724,0,0,0,0.037226278334856,0,0
5828,2023/2/19 06:18:28,0,0,0,0,-410.1067505,-410.0426025,-410.1516724,0,0,0,0.037226278334856,0,0
5829,2023/2/19 06:18:32,0,0,0,0,-410.1067505,-410.0426025,-410.1516724,0,0,0,0.037226278334856,0,0
5830,2023/2/19 06:18:36,0,0,0,0,-410.1067505,-410.0426025,-410.1516724,0,0,0,0.037226278334856,0,0
5831,2023/2/19 06:18:40,0,0,0,0,-410.1067505,-410.0426025,-410.1516724,0,0,0,0.037226278334856,0,0
5832,2023/2/19 06:18:44,0,0,0,0,-410.1067505,-410.0426025,-410.1516724,0,0,0,0.037226278334856,0,0
5833,2023/2/19 06:18:48,0,0,0,0,-410.1067505,-410.0426025,-410.1516724,0,0,0,0.037226278334856,0,0
5834,2023/2/19 06:18:52,0,0,0,0,-410.1067505,-410.0426025,-410.1516724,0,0,0,0.037226278334856,0,0
5835,2023/2/19 06:18:56,0,0,0,0,-410.1067505,-410.0426025,-410.1516724,0,0,0,0.037226278334856,0,0
5836,2023/2/19 06:19:00,0,0,0,0,-410.1067505,-410.0426025,-410.1516724,0,0,0,0.037226278334856,0,0
5837,2023/2/19 06:19:04,0,0,0,0,-410.1067505,-410.0426025,-410.1516724,0,0,0,0.037226278334856,0,0
5838,2023/2/19 06:19:08,0,0,0,0,-410.1067505,-410.0426025,-410.1516724,0,0,0,0.037226278334856,0,0
5839,2023/2/19 06:19:12,0,0,0,0,-410.1067505,-410.0426025,-410.1516724,0,0,0,0.037226278334856,0,0
5840,2023/2/19 06:19:16,0,0,0,0,-410.1067505,-410.0426025,-410.1516724,0,0,0,0.037226278334856,0,0
5841,2023/2/19 06:19:20,0,0,0,0,-410.1067505,-410.0426025,-410.1516724,0,0,0,0.037226278334856,0,0
5842,2023/2/19 06:19:24,0,0,0,0,-410.1067505,-410.0426025,-410.1516724,0,0,0,0.037226278334856,0,0
5843,2023/2/19 06:19:28,0,0,0,0,-410.1067505,-410.0426025,-410.1516724,0,0,0,0.037226278334856,0,0
5844,2023/2/19 06:19:32,0,0,0,0,-410.1067505,-410.0426025,-410.1516724,0,0,0,0.037226278334856,0,0
5845,2023/2/19 06:19:36,0,0,0,0,-410.1067505,-410.0426025,-410.1516724,0,0,0,0.037226278334856,0,0
5846,2023/2/19 06:19:40,0,0,0,0,-410.1067505,-410.0426025,-410.1516724,0,0,0,0.037226278334856,0,0
5847,2023/2/19 06:19:44,0,0,0,0,-410.1067505,-410.0426025,-410.1516724,0,0,0,0.037226278334856,0,0
5848,2023/2/19 06:19:48,0,0,0,0,-410.1067505,-410.0426025,-410.1516724,0,0,0,0.037226278334856,0,0
5849,2023/2/19 06:19:52,0,0,0,0,-410.1067505,-410.0426025,-410.1516724,0,0,0,0.037226278334856,0,0
5850,2023/2/19 06:19:56,0,0,0,0,-410.1067505,-410.0426025,-410.1516724,0,0,0,0.037226278334856,0,0
5851,2023/2/19 06:20:00,0,0,0,0,-410.1067505,-410.0426025,-410.1516724,0,0,0,0.037226278334856,0,0
5852,2023/2/19 06:20:04,0,0,0,0,-410.1067505,-410.0426025,-410.1516724,0,0,0,0.037226278334856,0,0
5853,2023/2/19 06:20:08,0,0,0,0,-410.1067505,-410.0426025,-410.1516724,0,0,0,0.037226278334856,0,0
5854,2023/2/19 06:20:12,0,0,0,0,-410.1067505,-410.0426025,-410.1516724,0,0,0,0.037226278334856,0,0
5855,2023/2/19 06:20:16,0,0,0,0,-410.1067505,-410.0426025,-410.1516724,0,0,0,0.037226278334856,0,0
5856,2023/2/19 06:20:20,0,0,0,0,-410.1067505,-410.0426025,-410.1516724,0,0,0,0.037226278334856,0,0
5857,2023/2/19 06:20:24,0,0,0,0,-410.1067505,-410.0426025,-410.1516724,0,0,0,0.037226278334856,0,0
5858,2023/2/19 06:20:28,0,0,0,0,-410.1067505,-410.0426025,-410.1516724,0,0,0,0.037226278334856,0,0
5859,2023/2/19 06:20:32,0,0,0,0,-410.1067505,-410.0426025,-410.1516724,0,0,0,0.037226278334856,0,0
5860,2023/2/19 06:20:36,0,0,0,0,-410.1067505,-410.0426025,-410.1516724,0,0,0,0.037226278334856,0,0
5861,2023/2/19 06:20:40,0,0,0,0,-410.1067505,-410.0426025,-410.1516724,0,0,0,0.037226278334856,0,0
5862,2023/2/19 06:20:44,0,0,0,0,-410.1067505,-410.0426025,-410.1516724,0,0,0,0.037226278334856,0,0
5863,2023/2/19 06:20:48,0,0,0,0,-410.1067505,-410.0426025,-410.1516724,0,0,0,0.037226278334856,0,0
5864,2023/2/19 06:20:52,0,0,0,0,-410.1067505,-410.0426025,-410.1516724,0,0,0,0.037226278334856,0,0
5865,2023/2/19 06:20:56,0,0,0,0,-410.1067505,-410.0426025,-410.1516724,0,0,0,0.037226278334856,0,0
5866,2023/2/19 06:21:00,0,0,0,0,-410.1067505,-410.0426025,-410.1516724,0,0,0,0.037226278334856,0,0
5867,2023/2/19 06:21:04,0,0,0,0,-410.1067505,-410.0426025,-410.1516724,0,0,0,0.037226278334856,0,0
5868,2023/2/19 06:21:08,0,0,0,0,-410.1067505,-410.0426025,-410.1516724,0,0,0,0.037226278334856,0,0
5869,2023/2/19 06:21:12,0,0,0,0,-410.1067505,-410.0426025,-410.1516724,0,0,0,0.037226278334856,0,0
5870,2023/2/19 06:21:16,0,0,0,0,-410.1067505,-410.0426025,-410.1516724,0,0,0,0.037226278334856,0,0
5871,2023/2/19 06:21:20,0,0,0,0,-410.1067505,-410.0426025,-410.1516724,0,0,0,0.037226278334856,0,0
5872,2023/2/19 06:21:24,0,0,0,0,-410.1067505,-410.0426025,-410.1516724,0,0,0,0.037226278334856,0,0
5873,2023/2/19 06:21:28,0,0,0,0,-410.1067505,-410.0426025,-410.1516724,0,0,0,0.037226278334856,0,0
5874,2023/2/19 06:21:32,0,0,0,0,-410.1067505,-410.0426025,-410.1516724,0,0,0,0.037226278334856,0,0
5875,2023/2/19 06:21:36,0,0,0,0,-410.1067505,-410.0426025,-410.1516724,0,0,0,0.037226278334856,0,0
5876,2023/2/19 06:21:40,0,0,0,0,-410.1067505,-410.0426025,-410.1516724,0,0,0,0.037226278334856,0,0
5877,2023/2/19 06:21:44,0,0,0,0,-410.1067505,-410.0426025,-410.1516724,0,0,0,0.037226278334856,0,0
5878,2023/2/19 06:21:48,0,0,0,0,-410.1067505,-410.0426025,-410.1516724,0,0,0,0.037226278334856,0,0
5879,2023/2/19 06:21:52,0,0,0,0,-410.1067505,-410.0426025,-410.1516724,0,0,0,0.037226278334856,0,0
5880,2023/2/19 06:21:56,0,0,0,0,-410.1067505,-410.0426025,-410.1516724,0,0,0,0.037226278334856,0,0
5881,2023/2/19 06:22:00,0,0,0,0,-410.1067505,-410.0426025,-410.1516724,0,0,0,0.037226278334856,0,0
5882,2023/2/19 06:22:04,0,0,0,0,-410.1067505,-410.0426025,-410.1516724,0,0,0,0.037226278334856,0,0
5883,2023/2/19 06:22:08,0,0,0,0,-410.1067505,-410.0426025,-410.1516724,0,0,0,0.037226278334856,0,0
5884,2023/2/19 06:22:12,0,0,0,0,-410.1067505,-410.0426025,-410.1516724,0,0,0,0.037226278334856,0,0
5885,2023/2/19 06:22:16,0,0,0,0,-410.1067505,-410.0426025,-410.1516724,0,0,0,0.037226278334856,0,0
5886,2023/2/19 06:22:20,0,0,0,0,-410.1067505,-410.0426025,-410.1516724,0,0,0,0.037226278334856,0,0
5887,2023/2/19 06:22:24,0,0,0,0,-410.1067505,-410.0426025,-410.1516724,0,0,0,0.037226278334856,0,0
5888,2023/2/19 06:22:28,0,0,0,0,-410.1067505,-410.0426025,-410.1516724,0,0,0,0.037226278334856,0,0
5889,2023/2/19 06:22:32,0,0,0,0,-410.1067505,-410.0426025,-410.1516724,0,0,0,0.037226278334856,0,0
5890,2023/2/19 06:22:36,0,0,0,0,-410.1067505,-410.0426025,-410.1516724,0,0,0,0.037226278334856,0,0
5891,2023/2/19 06:22:40,0,0,0,0,-410.1067505,-410.0426025,-410.1516724,0,0,0,0.037226278334856,0,0
5892,2023/2/19 06:22:44,0,0,0,0,-410.1067505,-410.0426025,-410.1516724,0,0,0,0.037226278334856,0,0
5893,2023/2/19 06:22:48,0,0,0,0,-410.1067505,-410.0426025,-410.1516724,0,0,0,0.037226278334856,0,0
5894,2023/2/19 06:22:52,0,0,0,0,-410.1067505,-410.0426025,-410.1516724,0,0,0,0.037226278334856,0,0
5895,2023/2/19 06:22:56,0,0,0,0,-410.1067505,-410.0426025,-410.1516724,0,0,0,0.037226278334856,0,0
5896,2023/2/19 06:23:00,0,0,0,0,-410.1067505,-410.0426025,-410.1516724,0,0,0,0.037226278334856,0,0
5897,2023/2/19 06:23:04,0,0,0,0,-410.1067505,-410.0426025,-410.1516724,0,0,0,0.037226278334856,0,0
5898,2023/2/19 06:23:08,0,0,0,0,-410.1067505,-410.0426025,-410.1516724,0,0,0,0.037226278334856,0,0
5899,2023/2/19 06:23:12,0,0,0,0,-410.1067505,-410.0426025,-410.1516724,0,0,0,0.037226278334856,0,0
5900,2023/2/19 06:23:16,0,0,0,0,-410.1067505,-410.0426025,-410.1516724,0,0,0,0.037226278334856,0,0
5901,2023/2/19 06:23:20,0,0,0,0,-410.1067505,-410.0426025,-410.1516724,0,0,0,0.037226278334856,0,0
5902,2023/2/19 06:23:24,0,0,0,0,-410.1067505,-410.0426025,-410.1516724,0,0,0,0.037226278334856,0,0
5903,2023/2/19 06:23:28,0,0,0,0,-410.1067505,-410.0426025,-410.1516724,0,0,0,0.037226278334856,0,0
5904,2023/2/19 06:23:32,0,0,0,0,-410.1067505,-410.0426025,-410.1516724,0,0,0,0.037226278334856,0,0
5905,2023/2/19 06:23:36,0,0,0,0,-410.1067505,-410.0426025,-410.1516724,0,0,0,0.037226278334856,0,0
5906,2023/2/19 06:23:40,0,0,0,0,-410.1067505,-410.0426025,-410.1516724,0,0,0,0.037226278334856,0,0
5907,2023/2/19 06:23:44,0,0,0,0,-410.1067505,-410.0426025,-410.1516724,0,0,0,0.037226278334856,0,0
5908,2023/2/19 06:23:48,0,0,0,0,-410.1067505,-410.0426025,-410.1516724,0,0,0,0.037226278334856,0,0
5909,2023/2/19 06:23:52,0,0,0,0,-410.1067505,-410.0426025,-410.1516724,0,0,0,0.037226278334856,0,0
5910,2023/2/19 06:23:56,0,0,0,0,-410.1067505,-410.0426025,-410.1516724,0,0,0,0.037226278334856,0,0
5911,2023/2/19 06:24:00,0,0,0,0,-410.1067505,-410.0426025,-410.1516724,0,0,0,0.037226278334856,0,0
5912,2023/2/19 06:24:04,0,0,0,0,-410.1067505,-410.0426025,-410.1516724,0,0,0,0.037226278334856,0,0
5913,2023/2/19 06:24:08,0,0,0,0,-410.1067505,-410.0426025,-410.1516724,0,0,0,0.037226278334856,0,0
5914,2023/2/19 06:24:12,0,0,0,0,-410.1067505,-410.0426025,-410.1516724,0,0,0,0.037226278334856,0,0
5915,2023/2/19 06:24:16,0,0,0,0,-410.1067505,-410.0426025,-410.1516724,0,0,0,0.037226278334856,0,0
5916,2023/2/19 06:24:20,0,0,0,0,-410.1067505,-410.0426025,-410.1516724,0,0,0,0.037226278334856,0,0
5917,2023/2/19 06:24:24,0,0,0,0,-410.1067505,-410.0426025,-410.1516724,0,0,0,0.037226278334856,0,0
5918,2023/2/19 06:24:28,0,0,0,0,-410.1067505,-410.0426025,-410.1516724,0,0,0,0.037226278334856,0,0
5919,2023/2/19 06:24:32,0,0,0,0,-410.1067505,-410.0426025,-410.1516724,0,0,0,0.037226278334856,0,0
5920,2023/2/19 06:24:36,0,0,0,0,-410.1067505,-410.0426025,-410.1516724,0,0,0,0.037226278334856,0,0
5921,2023/2/19 06:24:40,0,0,0,0,-410.1067505,-410.0426025,-410.1516724,0,0,0,0.037226278334856,0,0
5922,2023/2/19 06:24:44,0,0,0,0,-410.1067505,-410.0426025,-410.1516724,0,0,0,0.037226278334856,0,0
5923,2023/2/19 06:24:48,0,0,0,0,-410.1067505,-410.0426025,-410.1516724,0,0,0,0.037226278334856,0,0
5924,2023/2/19 06:24:52,0,0,0,0,-410.1067505,-410.0426025,-410.1516724,0,0,0,0.037226278334856,0,0
5925,2023/2/19 06:24:56,0,0,0,0,-410.1067505,-410.0426025,-410.1516724,0,0,0,0.037226278334856,0,0
5926,2023/2/19 06:25:00,0,0,0,0,-410.1067505,-410.0426025,-410.1516724,0,0,0,0.037226278334856,0,0
5927,2023/2/19 06:25:04,0,0,0,0,-410.1067505,-410.0426025,-410.1516724,0,0,0,0.037226278334856,0,0
5928,2023/2/19 06:25:08,0,0,0,0,-410.1067505,-410.0426025,-410.1516724,0,0,0,0.037226278334856,0,0
5929,2023/2/19 06:25:12,0,0,0,0,-410.1067505,-410.0426025,-410.1516724,0,0,0,0.037226278334856,0,0
5930,2023/2/19 06:25:16,0,0,0,0,-410.1067505,-410.0426025,-410.1516724,0,0,0,0.037226278334856,0,0
5931,2023/2/19 06:25:20,0,0,0,0,-410.1067505,-410.0426025,-410.1516724,0,0,0,0.037226278334856,0,0
5932,2023/2/19 06:25:24,0,0,0,0,-410.1067505,-410.0426025,-410.1516724,0,0,0,0.037226278334856,0,0
5933,2023/2/19 06:25:28,0,0,0,0,-410.1067505,-410.0426025,-410.1516724,0,0,0,0.037226278334856,0,0
5934,2023/2/19 06:25:32,0,0,0,0,-410.1067505,-410.0426025,-410.1516724,0,0,0,0.037226278334856,0,0
5935,2023/2/19 06:25:36,0,0,0,0,-410.1067505,-410.0426025,-410.1516724,0,0,0,0.037226278334856,0,0
5936,2023/2/19 06:25:40,0,0,0,0,-410.1067505,-410.0426025,-410.1516724,0,0,0,0.037226278334856,0,0
5937,2023/2/19 06:25:44,0,0,0,0,-410.1067505,-410.0426025,-410.1516724,0,0,0,0.037226278334856,0,0
5938,2023/2/19 06:25:48,0,0,0,0,-410.1067505,-410.0426025,-410.1516724,0,0,0,0.037226278334856,0,0
5939,2023/2/19 06:25:52,0,0,0,0,-410.1067505,-410.0426025,-410.1516724,0,0,0,0.037226278334856,0,0
5940,2023/2/19 06:25:56,0,0,0,0,-410.1067505,-410.0426025,-410.1516724,0,0,0,0.037226278334856,0,0
5941,2023/2/19 06:26:00,0,0,0,0,-410.1067505,-410.0426025,-410.1516724,0,0,0,0.037226278334856,0,0
5942,2023/2/19 06:26:04,0,0,0,0,-410.1067505,-410.0426025,-410.1516724,0,0,0,0.037226278334856,0,0
5943,2023/2/19 06:26:08,0,0,0,0,-410.1067505,-410.0426025,-410.1516724,0,0,0,0.037226278334856,0,0
5944,2023/2/19 06:26:12,0,0,0,0,-410.1067505,-410.0426025,-410.1516724,0,0,0,0.037226278334856,0,0
5945,2023/2/19 06:26:16,0,0,0,0,-410.1067505,-410.0426025,-410.1516724,0,0,0,0.037226278334856,0,0
5946,2023/2/19 06:26:20,0,0,0,0,-410.1067505,-410.0426025,-410.1516724,0,0,0,0.037226278334856,0,0
5947,2023/2/19 06:26:24,0,0,0,0,-410.1067505,-410.0426025,-410.1516724,0,0,0,0.037226278334856,0,0
5948,2023/2/19 06:26:28,0,0,0,0,-410.1067505,-410.0426025,-410.1516724,0,0,0,0.037226278334856,0,0
5949,2023/2/19 06:26:32,0,0,0,0,-410.1067505,-410.0426025,-410.1516724,0,0,0,0.037226278334856,0,0
5950,2023/2/19 06:26:36,0,0,0,0,-410.1067505,-410.0426025,-410.1516724,0,0,0,0.037226278334856,0,0
5951,2023/2/19 06:26:40,0,0,0,0,-410.1067505,-410.0426025,-410.1516724,0,0,0,0.037226278334856,0,0
5952,2023/2/19 06:26:44,0,0,0,0,-410.1067505,-410.0426025,-410.1516724,0,0,0,0.037226278334856,0,0
5953,2023/2/19 06:26:48,0,0,0,0,-410.1067505,-410.0426025,-410.1516724,0,0,0,0.037226278334856,0,0
5954,2023/2/19 06:26:52,0,0,0,0,-410.1067505,-410.0426025,-410.1516724,0,0,0,0.037226278334856,0,0
5955,2023/2/19 06:26:56,0,0,0,0,-410.1067505,-410.0426025,-410.1516724,0,0,0,0.037226278334856,0,0
5956,2023/2/19 06:27:00,0,0,0,0,-410.1067505,-410.0426025,-410.1516724,0,0,0,0.037226278334856,0,0
5957,2023/2/19 06:27:04,0,0,0,0,-410.1067505,-410.0426025,-410.1516724,0,0,0,0.037226278334856,0,0
5958,2023/2/19 06:27:08,0,0,0,0,-410.1067505,-410.0426025,-410.1516724,0,0,0,0.037226278334856,0,0
5959,2023/2/19 06:27:12,0,0,0,0,-410.1067505,-410.0426025,-410.1516724,0,0,0,0.037226278334856,0,0
5960,2023/2/19 06:27:16,0,0,0,0,-410.1067505,-410.0426025,-410.1516724,0,0,0,0.037226278334856,0,0
5961,2023/2/19 06:27:20,0,0,0,0,-410.1067505,-410.0426025,-410.1516724,0,0,0,0.037226278334856,0,0
5962,2023/2/19 06:27:24,0,0,0,0,-410.1067505,-410.0426025,-410.1516724,0,0,0,0.037226278334856,0,0
5963,2023/2/19 06:27:28,0,0,0,0,-410.1067505,-410.0426025,-410.1516724,0,0,0,0.037226278334856,0,0
5964,2023/2/19 06:27:32,0,0,0,0,-410.1067505,-410.0426025,-410.1516724,0,0,0,0.037226278334856,0,0
5965,2023/2/19 06:27:36,0,0,0,0,-410.1067505,-410.0426025,-410.1516724,0,0,0,0.037226278334856,0,0
5966,2023/2/19 06:27:40,0,0,0,0,-410.1067505,-410.0426025,-410.1516724,0,0,0,0.037226278334856,0,0
5967,2023/2/19 06:27:44,0,0,0,0,-410.1067505,-410.0426025,-410.1516724,0,0,0,0.037226278334856,0,0
5968,2023/2/19 06:27:48,0,0,0,0,-410.1067505,-410.0426025,-410.1516724,0,0,0,0.037226278334856,0,0
5969,2023/2/19 06:27:52,0,0,0,0,-410.1067505,-410.0426025,-410.1516724,0,0,0,0.037226278334856,0,0
5970,2023/2/19 06:27:56,0,0,0,0,-410.1067505,-410.0426025,-410.1516724,0,0,0,0.037226278334856,0,0
5971,2023/2/19 06:28:00,0,0,0,0,-410.1067505,-410.0426025,-410.1516724,0,0,0,0.037226278334856,0,0
5972,2023/2/19 06:28:04,0,0,0,0,-410.1067505,-410.0426025,-410.1516724,0,0,0,0.037226278334856,0,0
5973,2023/2/19 06:28:08,0,0,0,0,-410.1067505,-410.0426025,-410.1516724,0,0,0,0.037226278334856,0,0
5974,2023/2/19 06:28:12,0,0,0,0,-410.1067505,-410.0426025,-410.1516724,0,0,0,0.037226278334856,0,0
5975,2023/2/19 06:28:16,0,0,0,0,-410.1067505,-410.0426025,-410.1516724,0,0,0,0.037226278334856,0,0
5976,2023/2/19 06:28:20,0,0,0,0,-410.1067505,-410.0426025,-410.1516724,0,0,0,0.037226278334856,0,0
5977,2023/2/19 06:28:24,0,0,0,0,-410.1067505,-410.0426025,-410.1516724,0,0,0,0.037226278334856,0,0
5978,2023/2/19 06:28:28,0,0,0,0,-410.1067505,-410.0426025,-410.1516724,0,0,0,0.037226278334856,0,0
5979,2023/2/19 06:28:32,0,0,0,0,-410.1067505,-410.0426025,-410.1516724,0,0,0,0.037226278334856,0,0
5980,2023/2/19 06:28:36,0,0,0,0,-410.1067505,-410.0426025,-410.1516724,0,0,0,0.037226278334856,0,0
5981,2023/2/19 06:28:40,0,0,0,0,-410.1067505,-410.0426025,-410.1516724,0,0,0,0.037226278334856,0,0
5982,2023/2/19 06:28:44,0,0,0,0,-410.1067505,-410.0426025,-410.1516724,0,0,0,0.037226278334856,0,0
5983,2023/2/19 06:28:48,0,0,0,0,-410.1067505,-410.0426025,-410.1516724,0,0,0,0.037226278334856,0,0
5984,2023/2/19 06:28:52,0,0,0,0,-410.1067505,-410.0426025,-410.1516724,0,0,0,0.037226278334856,0,0
5985,2023/2/19 06:28:56,0,0,0,0,-410.1067505,-410.0426025,-410.1516724,0,0,0,0.037226278334856,0,0
5986,2023/2/19 06:29:00,0,0,0,0,-410.1067505,-410.0426025,-410.1516724,0,0,0,0.037226278334856,0,0
5987,2023/2/19 06:29:04,0,0,0,0,-410.1067505,-410.0426025,-410.1516724,0,0,0,0.037226278334856,0,0
5988,2023/2/19 06:29:08,0,0,0,0,-410.1067505,-410.0426025,-410.1516724,0,0,0,0.037226278334856,0,0
5989,2023/2/19 06:29:12,0,0,0,0,-410.1067505,-410.0426025,-410.1516724,0,0,0,0.037226278334856,0,0
5990,2023/2/19 06:29:16,0,0,0,0,-410.1067505,-410.0426025,-410.1516724,0,0,0,0.037226278334856,0,0
5991,2023/2/19 06:29:20,0,0,0,0,-410.1067505,-410.0426025,-410.1516724,0,0,0,0.037226278334856,0,0
5992,2023/2/19 06:29:24,0,0,0,0,-410.1067505,-410.0426025,-410.1516724,0,0,0,0.037226278334856,0,0
5993,2023/2/19 06:29:28,0,0,0,0,-410.1067505,-410.0426025,-410.1516724,0,0,0,0.037226278334856,0,0
5994,2023/2/19 06:29:32,0,0,0,0,-410.1067505,-410.0426025,-410.1516724,0,0,0,0.037226278334856,0,0
5995,2023/2/19 06:29:36,0,0,0,0,-410.1067505,-410.0426025,-410.1516724,0,0,0,0.037226278334856,0,0
5996,2023/2/19 06:29:40,0,0,0,0,-410.1067505,-410.0426025,-410.1516724,0,0,0,0.037226278334856,0,0
5997,2023/2/19 06:29:44,0,0,0,0,-410.1067505,-410.0426025,-410.1516724,0,0,0,0.037226278334856,0,0
5998,2023/2/19 06:29:48,0,0,0,0,-410.1067505,-410.0426025,-410.1516724,0,0,0,0.037226278334856,0,0
5999,2023/2/19 06:29:52,0,0,0,0,-410.1067505,-410.0426025,-410.1516724,0,0,0,0.037226278334856,0,0
6000,2023/2/19 06:29:56,0,0,0,0,-410.1067505,-410.0426025,-410.1516724,0,0,0,0.037226278334856,0,0
6001,2023/2/19 06:30:00,0,0,0,0,-410.1067505,-410.0426025,-410.1516724,0,0,0,0.037226278334856,0,0
6002,2023/2/19 06:30:04,0,0,0,0,-410.1067505,-410.0426025,-410.1516724,0,0,0,0.037226278334856,0,0
6003,2023/2/19 06:30:08,0,0,0,0,-410.1067505,-410.0426025,-410.1516724,0,0,0,0.037226278334856,0,0
6004,2023/2/19 06:30:12,0,0,0,0,-410.1067505,-410.0426025,-410.1516724,0,0,0,0.037226278334856,0,0
6005,2023/2/19 06:30:16,0,0,0,0,-410.1067505,-410.0426025,-410.1516724,0,0,0,0.037226278334856,0,0
6006,2023/2/19 06:30:20,0,0,0,0,-410.1067505,-410.0426025,-410.1516724,0,0,0,0.037226278334856,0,0
6007,2023/2/19 06:30:24,0,0,0,0,-410.1067505,-410.0426025,-410.1516724,0,0,0,0.037226278334856,0,0
6008,2023/2/19 06:30:28,0,0,0,0,-410.1067505,-410.0426025,-410.1516724,0,0,0,0.037226278334856,0,0
6009,2023/2/19 06:30:32,0,0,0,0,-410.1067505,-410.0426025,-410.1516724,0,0,0,0.037226278334856,0,0
6010,2023/2/19 06:30:36,0,0,0,0,-410.1067505,-410.0426025,-410.1516724,0,0,0,0.037226278334856,0,0
6011,2023/2/19 06:30:40,0,0,0,0,-410.1067505,-410.0426025,-410.1516724,0,0,0,0.037226278334856,0,0
6012,2023/2/19 06:30:44,0,0,0,0,-410.1067505,-410.0426025,-410.1516724,0,0,0,0.037226278334856,0,0
6013,2023/2/19 06:30:48,0,0,0,0,-410.1067505,-410.0426025,-410.1516724,0,0,0,0.037226278334856,0,0
6014,2023/2/19 06:30:52,0,0,0,0,-410.1067505,-410.0426025,-410.1516724,0,0,0,0.037226278334856,0,0
6015,2023/2/19 06:30:56,0,0,0,0,-410.1067505,-410.0426025,-410.1516724,0,0,0,0.037226278334856,0,0
6016,2023/2/19 06:31:00,0,0,0,0,-410.1067505,-410.0426025,-410.1516724,0,0,0,0.037226278334856,0,0
6017,2023/2/19 06:31:04,0,0,0,0,-410.1067505,-410.0426025,-410.1516724,6.66666650772095,0,0,0.037226278334856,0,0
6018,2023/2/19 06:31:08,0,0,0,0,-410.1067505,-410.0426025,-410.1516724,0,0,0,0.037226278334856,0,0
6019,2023/2/19 06:31:12,0,0,0,0,-410.1067505,-410.0426025,-410.1516724,0,0,0,0.037226278334856,0,0
6020,2023/2/19 06:31:16,0,0,0,0,-410.1067505,-410.0426025,-410.1516724,0,0,0,0.037226278334856,0,0
6021,2023/2/19 06:31:20,0,0,0,0,-410.1067505,-410.0426025,-410.1516724,0,0,0,0.037226278334856,0,0
6022,2023/2/19 06:31:24,0,0,0,0,-410.1067505,-410.0426025,-410.1516724,0,0,0,0.037226278334856,0,0
6023,2023/2/19 06:31:28,0,0,0,0,-410.1067505,-410.0426025,-410.1516724,0,0,0,0.037226278334856,0,0
6024,2023/2/19 06:31:32,0,0,0,0,-410.1067505,-410.0426025,-410.1516724,0,0,0,0.037226278334856,0,0
6025,2023/2/19 06:31:36,0,0,0,0,-410.1067505,-410.0426025,-410.1516724,0,0,0,0.037226278334856,0,0
6026,2023/2/19 06:31:40,0,0,0,0,-410.1067505,-410.0426025,-410.1516724,0,0,0,0.037226278334856,0,0
6027,2023/2/19 06:31:44,0,0,0,0,-410.1067505,-410.0426025,-410.1516724,0,0,0,0.037226278334856,0,0
6028,2023/2/19 06:31:48,0,0,0,0,-410.1067505,-410.0426025,-410.1516724,0,0,0,0.037226278334856,0,0
6029,2023/2/19 06:31:52,0,0,0,0,-410.1067505,-410.0426025,-410.1516724,0,0,0,0.037226278334856,0,0
6030,2023/2/19 06:31:56,0,0,0,0,-410.1067505,-410.0426025,-410.1516724,0,0,0,0.037226278334856,0,0
6031,2023/2/19 06:32:00,0,0,0,0,-410.1067505,-410.0426025,-410.1516724,0,0,0,0.037226278334856,0,0
6032,2023/2/19 06:32:04,0,0,0,0,-410.1067505,-410.0426025,-410.1516724,0,0,0,0.037226278334856,0,0
6033,2023/2/19 06:32:08,0,0,0,0,-410.1067505,-410.0426025,-410.1516724,0,0,0,0.037226278334856,0,0
6034,2023/2/19 06:32:12,0,0,0,0,-410.1067505,-410.0426025,-410.1516724,0,0,0,0.037226278334856,0,0
6035,2023/2/19 06:32:16,0,0,0,0,-410.1067505,-410.0426025,-410.1516724,0,0,0,0.037226278334856,0,0
6036,2023/2/19 06:32:20,0,0,0,0,-410.1067505,-410.0426025,-410.1516724,0,0,0,0.037226278334856,0,0
6037,2023/2/19 06:32:24,0,0,0,0,-410.1067505,-410.0426025,-410.1516724,0,0,0,0.037226278334856,0,0
6038,2023/2/19 06:32:28,0,0,0,0,-410.1067505,-410.0426025,-410.1516724,0,0,0,0.037226278334856,0,0
6039,2023/2/19 06:32:32,0,0,0,0,-410.1067505,-410.0426025,-410.1516724,0,0,0,0.037226278334856,0,0
6040,2023/2/19 06:32:36,0,0,0,0,-410.1067505,-410.0426025,-410.1516724,0,0,0,0.037226278334856,0,0
6041,2023/2/19 06:32:40,0,0,0,0,-410.1067505,-410.0426025,-410.1516724,0,0,0,0.037226278334856,0,0
6042,2023/2/19 06:32:44,0,0,0,0,-410.1067505,-410.0426025,-410.1516724,0,0,0,0.037226278334856,0,0
6043,2023/2/19 06:32:48,0,0,0,0,-410.1067505,-410.0426025,-410.1516724,0,0,0,0.037226278334856,0,0
6044,2023/2/19 06:32:52,0,0,0,0,-410.1067505,-410.0426025,-410.1516724,0,0,0,0.037226278334856,0,0
6045,2023/2/19 06:32:56,0,0,0,0,-410.1067505,-410.0426025,-410.1516724,0,0,0,0.037226278334856,0,0
6046,2023/2/19 06:33:00,0,0,0,0,-410.1067505,-410.0426025,-410.1516724,0,0,0,0.037226278334856,0,0
6047,2023/2/19 06:33:04,0,0,0,0,-410.1067505,-410.0426025,-410.1516724,0,0,0,0.037226278334856,0,0
6048,2023/2/19 06:33:08,0,0,0,0,-410.1067505,-410.0426025,-410.1516724,0,0,0,0.037226278334856,0,0
6049,2023/2/19 06:33:12,0,0,0,0,-410.1067505,-410.0426025,-410.1516724,0,0,0,0.037226278334856,0,0
6050,2023/2/19 06:33:16,0,0,0,0,-410.1067505,-410.0426025,-410.1516724,0,0,0,0.037226278334856,0,0
6051,2023/2/19 06:33:20,0,0,0,0,-410.1067505,-410.0426025,-410.1516724,0,0,0,0.037226278334856,0,0
6052,2023/2/19 06:33:24,0,0,0,0,-410.1067505,-410.0426025,-410.1516724,0,0,0,0.037226278334856,0,0
6053,2023/2/19 06:33:28,0,0,0,0,-410.1067505,-410.0426025,-410.1516724,0,0,0,0.037226278334856,0,0
6054,2023/2/19 06:33:32,0,0,0,0,-410.1067505,-410.0426025,-410.1516724,0,0,0,0.037226278334856,0,0
6055,2023/2/19 06:33:36,0,0,0,0,-410.1067505,-410.0426025,-410.1516724,0,0,0,0.037226278334856,0,0
6056,2023/2/19 06:33:40,0,0,0,0,-410.1067505,-410.0426025,-410.1516724,0,0,0,0.037226278334856,0,0
6057,2023/2/19 06:33:44,0,0,0,0,-410.1067505,-410.0426025,-410.1516724,0,0,0,0.037226278334856,0,0
6058,2023/2/19 06:33:48,0,0,0,0,-410.1067505,-410.0426025,-410.1516724,0,0,0,0.037226278334856,0,0
6059,2023/2/19 06:33:52,0,0,0,0,-410.1067505,-410.0426025,-410.1516724,0,0,0,0.037226278334856,0,0
6060,2023/2/19 06:33:56,0,0,0,0,-410.1067505,-410.0426025,-410.1516724,0,0,0,0.037226278334856,0,0
6061,2023/2/19 06:34:00,0,0,0,0,-410.1067505,-410.0426025,-410.1516724,0,0,0,0.037226278334856,0,0
6062,2023/2/19 06:34:04,0,0,0,0,-410.1067505,-410.0426025,-410.1516724,0,0,0,0.037226278334856,0,0
6063,2023/2/19 06:34:08,0,0,0,0,-410.1067505,-410.0426025,-410.1516724,0,0,0,0.037226278334856,0,0
6064,2023/2/19 06:34:12,0,0,0,0,-410.1067505,-410.0426025,-410.1516724,0,0,0,0.037226278334856,0,0
6065,2023/2/19 06:34:16,0,0,0,0,-410.1067505,-410.0426025,-410.1516724,0,0,0,0.037226278334856,0,0
6066,2023/2/19 06:34:20,0,0,0,0,-410.1067505,-410.0426025,-410.1516724,0,0,0,0.037226278334856,0,0
6067,2023/2/19 06:34:24,0,0,0,0,-410.1067505,-410.0426025,-410.1516724,0,0,0,0.037226278334856,0,0
6068,2023/2/19 06:34:28,0,0,0,0,-410.1067505,-410.0426025,-410.1516724,0,0,0,0.037226278334856,0,0
6069,2023/2/19 06:34:32,0,0,0,0,-410.1067505,-410.0426025,-410.1516724,0,0,0,0.037226278334856,0,0
6070,2023/2/19 06:34:36,0,0,0,0,-410.1067505,-410.0426025,-410.1516724,0,0,0,0.037226278334856,0,0
6071,2023/2/19 06:34:40,0,0,0,0,-410.1067505,-410.0426025,-410.1516724,0,0,0,0.037226278334856,0,0
6072,2023/2/19 06:34:44,0,0,0,0,-410.1067505,-410.0426025,-410.1516724,0,0,0,0.037226278334856,0,0
6073,2023/2/19 06:34:48,0,0,0,0,-410.1067505,-410.0426025,-410.1516724,0,0,0,0.037226278334856,0,0
6074,2023/2/19 06:34:52,0,0,0,0,-410.1067505,-410.0426025,-410.1516724,0,0,0,0.037226278334856,0,0
6075,2023/2/19 06:34:56,0,0,0,0,-410.1067505,-410.0426025,-410.1516724,0,0,0,0.037226278334856,0,0
6076,2023/2/19 06:35:00,0,0,0,0,-410.1067505,-410.0426025,-410.1516724,0,0,0,0.037226278334856,0,0
6077,2023/2/19 06:35:04,0,0,0,0,-410.1067505,-410.0426025,-410.1516724,0,0,0,0.037226278334856,0,0
6078,2023/2/19 06:35:08,0,0,0,0,-410.1067505,-410.0426025,-410.1516724,0,0,0,0.037226278334856,0,0
6079,2023/2/19 06:35:12,0,0,0,0,-410.1067505,-410.0426025,-410.1516724,0,0,0,0.037226278334856,0,0
6080,2023/2/19 06:35:16,0,0,0,0,-410.1067505,-410.0426025,-410.1516724,0,0,0,0.037226278334856,0,0
6081,2023/2/19 06:35:20,0,0,0,0,-410.1067505,-410.0426025,-410.1516724,0,0,0,0.037226278334856,0,0
6082,2023/2/19 06:35:24,0,0,0,0,-410.1067505,-410.0426025,-410.1516724,0,0,0,0.037226278334856,0,0
6083,2023/2/19 06:35:28,0,0,0,0,-410.1067505,-410.0426025,-410.1516724,0,0,0,0.037226278334856,0,0
6084,2023/2/19 06:35:32,0,0,0,0,-410.1067505,-410.0426025,-410.1516724,0,0,0,0.037226278334856,0,0
6085,2023/2/19 06:35:36,0,0,0,0,-410.1067505,-410.0426025,-410.1516724,0,0,0,0.037226278334856,0,0
6086,2023/2/19 06:35:40,0,0,0,0,-410.1067505,-410.0426025,-410.1516724,6.66666650772095,0,0,0.037226278334856,0,0
6087,2023/2/19 06:35:44,0,0,0,0,-410.1067505,-410.0426025,-410.1516724,0,0,0,0.037226278334856,0,0
6088,2023/2/19 06:35:48,0,0,0,0,-410.1067505,-410.0426025,-410.1516724,0,0,0,0.037226278334856,0,0
6089,2023/2/19 06:35:52,0,0,0,0,-410.1067505,-410.0426025,-410.1516724,0,0,0,0.037226278334856,0,0
6090,2023/2/19 06:35:56,0,0,0,0,-410.1067505,-410.0426025,-410.1516724,0,0,0,0.037226278334856,0,0
6091,2023/2/19 06:36:00,0,0,0,0,-410.1067505,-410.0426025,-410.1516724,0,0,0,0.037226278334856,0,0
6092,2023/2/19 06:36:04,0,0,0,0,-410.1067505,-410.0426025,-410.1516724,0,0,0,0.037226278334856,0,0
6093,2023/2/19 06:36:08,0,0,0,0,-410.1067505,-410.0426025,-410.1516724,0,0,0,0.037226278334856,0,0
6094,2023/2/19 06:36:12,0,0,0,0,-410.1067505,-410.0426025,-410.1516724,0,0,0,0.037226278334856,0,0
6095,2023/2/19 06:36:16,0,0,0,0,-410.1067505,-410.0426025,-410.1516724,0,0,0,0.037226278334856,0,0
6096,2023/2/19 06:36:20,0,0,0,0,-410.1067505,-410.0426025,-410.1516724,0,0,0,0.037226278334856,0,0
6097,2023/2/19 06:36:24,0,0,0,0,-410.1067505,-410.0426025,-410.1516724,0,0,0,0.037226278334856,0,0
6098,2023/2/19 06:36:28,0,0,0,0,-410.1067505,-410.0426025,-410.1516724,0,0,0,0.037226278334856,0,0
6099,2023/2/19 06:36:32,0,0,0,0,-410.1067505,-410.0426025,-410.1516724,0,0,0,0.037226278334856,0,0
6100,2023/2/19 06:36:36,0,0,0,0,-410.1067505,-410.0426025,-410.1516724,0,0,0,0.037226278334856,0,0
6101,2023/2/19 06:36:40,0,0,0,0,-410.1067505,-410.0426025,-410.1516724,0,0,0,0.037226278334856,0,0
6102,2023/2/19 06:36:44,0,0,0,0,-410.1067505,-410.0426025,-410.1516724,0,0,0,0.037226278334856,0,0
6103,2023/2/19 06:36:48,0,0,0,0,-410.1067505,-410.0426025,-410.1516724,6.66666650772095,0,0,0.037226278334856,0,0
6104,2023/2/19 06:36:52,0,0,0,0,-410.1067505,-410.0426025,-410.1516724,0,0,0,0.037226278334856,0,0
6105,2023/2/19 06:36:56,0,0,0,0,-410.1067505,-410.0426025,-410.1516724,0,0,0,0.037226278334856,0,0
6106,2023/2/19 06:37:00,0,0,0,0,-410.1067505,-410.0426025,-410.1516724,0,0,0,0.037226278334856,0,0
6107,2023/2/19 06:37:04,0,0,0,0,-410.1067505,-410.0426025,-410.1516724,0,0,0,0.037226278334856,0,0
6108,2023/2/19 06:37:08,0,0,0,0,-410.1067505,-410.0426025,-410.1516724,0,0,0,0.037226278334856,0,0
6109,2023/2/19 06:37:12,0,0,0,0,-410.1067505,-410.0426025,-410.1516724,0,0,0,0.037226278334856,0,0
6110,2023/2/19 06:37:16,0,0,0,0,-410.1067505,-410.0426025,-410.1516724,0,0,0,0.037226278334856,0,0
6111,2023/2/19 06:37:20,0,0,0,0,-410.1067505,-410.0426025,-410.1516724,0,0,0,0.037226278334856,0,0
6112,2023/2/19 06:37:24,0,0,0,0,-410.1067505,-410.0426025,-410.1516724,0,0,0,0.037226278334856,0,0
6113,2023/2/19 06:37:28,0,0,0,0,-410.1067505,-410.0426025,-410.1516724,0,0,0,0.037226278334856,0,0
6114,2023/2/19 06:37:32,0,0,0,0,-410.1067505,-410.0426025,-410.1516724,0,0,0,0.037226278334856,0,0
6115,2023/2/19 06:37:36,0,0,0,0,-410.1067505,-410.0426025,-410.1516724,0,0,0,0.037226278334856,0,0
6116,2023/2/19 06:37:40,0,0,0,0,-410.1067505,-410.0426025,-410.1516724,0,0,0,0.037226278334856,0,0
6117,2023/2/19 06:37:44,0,0,0,0,-410.1067505,-410.0426025,-410.1516724,0,0,0,0.037226278334856,0,0
6118,2023/2/19 06:37:48,0,0,0,0,-410.1067505,-410.0426025,-410.1516724,0,0,0,0.037226278334856,0,0
6119,2023/2/19 06:37:52,0,0,0,0,-410.1067505,-410.0426025,-410.1516724,0,0,0,0.037226278334856,0,0
6120,2023/2/19 06:37:56,0,0,0,0,-410.1067505,-410.0426025,-410.1516724,0,0,0,0.037226278334856,0,0
6121,2023/2/19 06:38:00,0,0,0,0,-410.1067505,-410.0426025,-410.1516724,0,0,0,0.037226278334856,0,0
6122,2023/2/19 06:38:04,0,0,0,0,-410.1067505,-410.0426025,-410.1516724,0,0,0,0.037226278334856,0,0
6123,2023/2/19 06:38:08,0,0,0,0,-410.1067505,-410.0426025,-410.1516724,0,0,0,0.037226278334856,0,0
6124,2023/2/19 06:38:12,0,0,0,0,-410.1067505,-410.0426025,-410.1516724,0,0,0,0.037226278334856,0,0
6125,2023/2/19 06:38:16,0,0,0,0,-410.1067505,-410.0426025,-410.1516724,0,0,0,0.037226278334856,0,0
6126,2023/2/19 06:38:20,0,0,0,0,-410.1067505,-410.0426025,-410.1516724,0,0,0,0.037226278334856,0,0
6127,2023/2/19 06:38:24,0,0,0,0,-410.1067505,-410.0426025,-410.1516724,0,0,0,0.037226278334856,0,0
6128,2023/2/19 06:38:28,0,0,0,0,-410.1067505,-410.0426025,-410.1516724,6.66666650772095,0,0,0.037226278334856,0,0
6129,2023/2/19 06:38:32,0,0,0,0,-410.1067505,-410.0426025,-410.1516724,0,0,0,0.037226278334856,0,0
6130,2023/2/19 06:38:36,0,0,0,0,-410.1067505,-410.0426025,-410.1516724,0,0,0,0.037226278334856,0,0
6131,2023/2/19 06:38:40,0,0,0,0,-410.1067505,-410.0426025,-410.1516724,0,0,0,0.037226278334856,0,0
6132,2023/2/19 06:38:44,0,0,0,0,-410.1067505,-410.0426025,-410.1516724,0,0,0,0.037226278334856,0,0
6133,2023/2/19 06:38:48,0,0,0,0,-410.1067505,-410.0426025,-410.1516724,0,0,0,0.037226278334856,0,0
6134,2023/2/19 06:38:52,0,0,0,0,-410.1067505,-410.0426025,-410.1516724,0,0,0,0.037226278334856,0,0
6135,2023/2/19 06:38:56,0,0,0,0,-410.1067505,-410.0426025,-410.1516724,0,0,0,0.037226278334856,0,0
6136,2023/2/19 06:39:00,0,0,0,0,-410.1067505,-410.0426025,-410.1516724,0,0,0,0.037226278334856,0,0
6137,2023/2/19 06:39:04,0,0,0,0,-410.1067505,-410.0426025,-410.1516724,0,0,0,0.037226278334856,0,0
6138,2023/2/19 06:39:08,0,0,0,0,-410.1067505,-410.0426025,-410.1516724,0,0,0,0.037226278334856,0,0
6139,2023/2/19 06:39:12,0,0,0,0,-410.1067505,-410.0426025,-410.1516724,0,0,0,0.037226278334856,0,0
6140,2023/2/19 06:39:16,0,0,0,0,-410.1067505,-410.0426025,-410.1516724,0,0,0,0.037226278334856,0,0
6141,2023/2/19 06:39:20,0,0,0,0,-410.1067505,-410.0426025,-410.1516724,0,0,0,0.037226278334856,0,0
6142,2023/2/19 06:39:24,0,0,0,0,-410.1067505,-410.0426025,-410.1516724,0,0,0,0.037226278334856,0,0
6143,2023/2/19 06:39:28,0,0,0,0,-410.1067505,-410.0426025,-410.1516724,0,0,0,0.037226278334856,0,0
6144,2023/2/19 06:39:32,0,0,0,0,-410.1067505,-410.0426025,-410.1516724,0,0,0,0.037226278334856,0,0
6145,2023/2/19 06:39:36,0,0,0,0,-410.1067505,-410.0426025,-410.1516724,0,0,0,0.037226278334856,0,0
6146,2023/2/19 06:39:40,0,0,0,0,-410.1067505,-410.0426025,-410.1516724,0,0,0,0.037226278334856,0,0
6147,2023/2/19 06:39:44,0,0,0,0,-410.1067505,-410.0426025,-410.1516724,0,0,0,0.037226278334856,0,0
6148,2023/2/19 06:39:48,0,0,0,0,-410.1067505,-410.0426025,-410.1516724,0,0,0,0.037226278334856,0,0
6149,2023/2/19 06:39:52,0,0,0,0,-410.1067505,-410.0426025,-410.1516724,0,0,0,0.037226278334856,0,0
6150,2023/2/19 06:39:56,0,0,0,0,-410.1067505,-410.0426025,-410.1516724,0,0,0,0.037226278334856,0,0
6151,2023/2/19 06:40:00,0,0,0,0,-410.1067505,-410.0426025,-410.1516724,0,0,0,0.037226278334856,0,0
6152,2023/2/19 06:40:04,0,0,0,0,-410.1067505,-410.0426025,-410.1516724,0,0,0,0.037226278334856,0,0
6153,2023/2/19 06:40:08,0,0,0,0,-410.1067505,-410.0426025,-410.1516724,0,0,0,0.037226278334856,0,0
6154,2023/2/19 06:40:12,0,0,0,0,-410.1067505,-410.0426025,-410.1516724,0,0,0,0.037226278334856,0,0
6155,2023/2/19 06:40:16,0,0,0,0,-410.1067505,-410.0426025,-410.1516724,0,0,0,0.037226278334856,0,0
6156,2023/2/19 06:40:20,0,0,0,0,-410.1067505,-410.0426025,-410.1516724,0,0,0,0.037226278334856,0,0
6157,2023/2/19 06:40:24,0,0,0,0,-410.1067505,-410.0426025,-410.1516724,0,0,0,0.037226278334856,0,0
6158,2023/2/19 06:40:28,0,0,0,0,-410.1067505,-410.0426025,-410.1516724,0,0,0,0.037226278334856,0,0
6159,2023/2/19 06:40:32,0,0,0,0,-410.1067505,-410.0426025,-410.1516724,0,0,0,0.037226278334856,0,0
6160,2023/2/19 06:40:36,0,0,0,0,-410.1067505,-410.0426025,-410.1516724,0,0,0,0.037226278334856,0,0
6161,2023/2/19 06:40:40,0,0,0,0,-410.1067505,-410.0426025,-410.1516724,0,0,0,0.037226278334856,0,0
6162,2023/2/19 06:40:44,0,0,0,0,-410.1067505,-410.0426025,-410.1516724,0,0,0,0.037226278334856,0,0
6163,2023/2/19 06:40:48,0,0,0,0,-410.1067505,-410.0426025,-410.1516724,0,0,0,0.037226278334856,0,0
6164,2023/2/19 06:40:52,0,0,0,0,-410.1067505,-410.0426025,-410.1516724,0,0,0,0.037226278334856,0,0
6165,2023/2/19 06:40:56,0,0,0,0,-410.1067505,-410.0426025,-410.1516724,0,0,0,0.037226278334856,0,0
6166,2023/2/19 06:41:00,0,0,0,0,-410.1067505,-410.0426025,-410.1516724,0,0,0,0.037226278334856,0,0
6167,2023/2/19 06:41:04,0,0,0,0,-410.1067505,-410.0426025,-410.1516724,0,0,0,0.037226278334856,0,0
6168,2023/2/19 06:41:08,0,0,0,0,-410.1067505,-410.0426025,-410.1516724,0,0,0,0.037226278334856,0,0
6169,2023/2/19 06:41:12,0,0,0,0,-410.1067505,-410.0426025,-410.1516724,0,0,0,0.037226278334856,0,0
6170,2023/2/19 06:41:16,0,0,0,0,-410.1067505,-410.0426025,-410.1516724,0,0,0,0.037226278334856,0,0
6171,2023/2/19 06:41:20,0,0,0,0,-410.1067505,-410.0426025,-410.1516724,0,0,0,0.037226278334856,0,0
6172,2023/2/19 06:41:24,0,0,0,0,-410.1067505,-410.0426025,-410.1516724,0,0,0,0.037226278334856,0,0
6173,2023/2/19 06:41:28,0,0,0,0,-410.1067505,-410.0426025,-410.1516724,0,0,0,0.037226278334856,0,0
6174,2023/2/19 06:41:32,0,0,0,0,-410.1067505,-410.0426025,-410.1516724,0,0,0,0.037226278334856,0,0
6175,2023/2/19 06:41:36,0,0,0,0,-410.1067505,-410.0426025,-410.1516724,0,0,0,0.037226278334856,0,0
6176,2023/2/19 06:41:40,0,0,0,0,-410.1067505,-410.0426025,-410.1516724,6.66666650772095,0,0,0.037226278334856,0,0
6177,2023/2/19 06:41:44,0,0,0,0,-410.1067505,-410.0426025,-410.1516724,0,0,0,0.037226278334856,0,0
6178,2023/2/19 06:41:48,0,0,0,0,-410.1067505,-410.0426025,-410.1516724,0,0,0,0.037226278334856,0,0
6179,2023/2/19 06:41:52,0,0,0,0,-410.1067505,-410.0426025,-410.1516724,0,0,0,0.037226278334856,0,0
6180,2023/2/19 06:41:56,0,0,0,0,-410.1067505,-410.0426025,-410.1516724,0,0,0,0.037226278334856,0,0
6181,2023/2/19 06:42:00,0,0,0,0,-410.1067505,-410.0426025,-410.1516724,0,0,0,0.037226278334856,0,0
6182,2023/2/19 06:42:04,0,0,0,0,-410.1067505,-410.0426025,-410.1516724,0,0,0,0.037226278334856,0,0
6183,2023/2/19 06:42:08,0,0,0,0,-410.1067505,-410.0426025,-410.1516724,0,0,0,0.037226278334856,0,0
6184,2023/2/19 06:42:12,0,0,0,0,-410.1067505,-410.0426025,-410.1516724,0,0,0,0.037226278334856,0,0
6185,2023/2/19 06:42:16,0,0,0,0,-410.1067505,-410.0426025,-410.1516724,0,0,0,0.037226278334856,0,0
6186,2023/2/19 06:42:20,0,0,0,0,-410.1067505,-410.0426025,-410.1516724,0,0,0,0.037226278334856,0,0
6187,2023/2/19 06:42:24,0,0,0,0,-410.1067505,-410.0426025,-410.1516724,0,0,0,0.037226278334856,0,0
6188,2023/2/19 06:42:28,0,0,0,0,-410.1067505,-410.0426025,-410.1516724,0,0,0,0.037226278334856,0,0
6189,2023/2/19 06:42:32,0,0,0,0,-410.1067505,-410.0426025,-410.1516724,0,0,0,0.037226278334856,0,0
6190,2023/2/19 06:42:36,0,0,0,0,-410.1067505,-410.0426025,-410.1516724,0,0,0,0.037226278334856,0,0
6191,2023/2/19 06:42:40,0,0,0,0,-410.1067505,-410.0426025,-410.1516724,0,0,0,0.037226278334856,0,0
6192,2023/2/19 06:42:44,0,0,0,0,-410.1067505,-410.0426025,-410.1516724,0,0,0,0.037226278334856,0,0
6193,2023/2/19 06:42:48,0,0,0,0,-410.1067505,-410.0426025,-410.1516724,0,0,0,0.037226278334856,0,0
6194,2023/2/19 06:42:52,0,0,0,0,-410.1067505,-410.0426025,-410.1516724,0,0,0,0.037226278334856,0,0
6195,2023/2/19 06:42:56,0,0,0,0,-410.1067505,-410.0426025,-410.1516724,0,0,0,0.037226278334856,0,0
6196,2023/2/19 06:43:00,0,0,0,0,-410.1067505,-410.0426025,-410.1516724,0,0,0,0.037226278334856,0,0
6197,2023/2/19 06:43:04,0,0,0,0,-410.1067505,-410.0426025,-410.1516724,0,0,0,0.037226278334856,0,0
6198,2023/2/19 06:43:08,0,0,0,0,-410.1067505,-410.0426025,-410.1516724,0,0,0,0.037226278334856,0,0
6199,2023/2/19 06:43:12,0,0,0,0,-410.1067505,-410.0426025,-410.1516724,0,0,0,0.037226278334856,0,0
6200,2023/2/19 06:43:16,0,0,0,0,-410.1067505,-410.0426025,-410.1516724,0,0,0,0.037226278334856,0,0
6201,2023/2/19 06:43:20,0,0,0,0,-410.1067505,-410.0426025,-410.1516724,0,0,0,0.037226278334856,0,0
6202,2023/2/19 06:43:24,0,0,0,0,-410.1067505,-410.0426025,-410.1516724,0,0,0,0.037226278334856,0,0
6203,2023/2/19 06:43:28,0,0,0,0,-410.1067505,-410.0426025,-410.1516724,0,0,0,0.037226278334856,0,0
6204,2023/2/19 06:43:32,0,0,0,0,-410.1067505,-410.0426025,-410.1516724,0,0,0,0.037226278334856,0,0
6205,2023/2/19 06:43:36,0,0,0,0,-410.1067505,-410.0426025,-410.1516724,0,0,0,0.037226278334856,0,0
6206,2023/2/19 06:43:40,0,0,0,0,-410.1067505,-410.0426025,-410.1516724,0,0,0,0.037226278334856,0,0
6207,2023/2/19 06:43:44,0,0,0,0,-410.1067505,-410.0426025,-410.1516724,0,0,0,0.037226278334856,0,0
6208,2023/2/19 06:43:48,0,0,0,0,-410.1067505,-410.0426025,-410.1516724,0,0,0,0.037226278334856,0,0
6209,2023/2/19 06:43:52,0,0,0,0,-410.1067505,-410.0426025,-410.1516724,0,0,0,0.037226278334856,0,0
6210,2023/2/19 06:43:56,0,0,0,0,-410.1067505,-410.0426025,-410.1516724,0,0,0,0.037226278334856,0,0
6211,2023/2/19 06:44:00,0,0,0,0,-410.1067505,-410.0426025,-410.1516724,0,0,0,0.037226278334856,0,0
6212,2023/2/19 06:44:04,0,0,0,0,-410.1067505,-410.0426025,-410.1516724,0,0,0,0.037226278334856,0,0
6213,2023/2/19 06:44:08,0,0,0,0,-410.1067505,-410.0426025,-410.1516724,0,0,0,0.037226278334856,0,0
6214,2023/2/19 06:44:12,0,0,0,0,-410.1067505,-410.0426025,-410.1516724,0,0,0,0.037226278334856,0,0
6215,2023/2/19 06:44:16,0,0,0,0,-410.1067505,-410.0426025,-410.1516724,0,0,0,0.037226278334856,0,0
6216,2023/2/19 06:44:20,0,0,0,0,-410.1067505,-410.0426025,-410.1516724,0,0,0,0.037226278334856,0,0
6217,2023/2/19 06:44:24,0,0,0,0,-410.1067505,-410.0426025,-410.1516724,0,0,0,0.037226278334856,0,0
6218,2023/2/19 06:44:28,0,0,0,0,-410.1067505,-410.0426025,-410.1516724,0,0,0,0.037226278334856,0,0
6219,2023/2/19 06:44:32,0,0,0,0,-410.1067505,-410.0426025,-410.1516724,0,0,0,0.037226278334856,0,0
6220,2023/2/19 06:44:36,0,0,0,0,-410.1067505,-410.0426025,-410.1516724,0,0,0,0.037226278334856,0,0
6221,2023/2/19 06:44:40,0,0,0,0,-410.1067505,-410.0426025,-410.1516724,0,0,0,0.037226278334856,0,0
6222,2023/2/19 06:44:44,0,0,0,0,-410.1067505,-410.0426025,-410.1516724,0,0,0,0.037226278334856,0,0
6223,2023/2/19 06:44:48,0,0,0,0,-410.1067505,-410.0426025,-410.1516724,0,0,0,0.037226278334856,0,0
6224,2023/2/19 06:44:52,0,0,0,0,-410.1067505,-410.0426025,-410.1516724,0,0,0,0.037226278334856,0,0
6225,2023/2/19 06:44:56,0,0,0,0,-410.1067505,-410.0426025,-410.1516724,0,0,0,0.037226278334856,0,0
6226,2023/2/19 06:45:00,0,0,0,0,-410.1067505,-410.0426025,-410.1516724,0,0,0,0.037226278334856,0,0
6227,2023/2/19 06:45:04,0,0,0,0,-410.1067505,-410.0426025,-410.1516724,0,0,0,0.037226278334856,0,0
6228,2023/2/19 06:45:08,0,0,0,0,-410.1067505,-410.0426025,-410.1516724,0,0,0,0.037226278334856,0,0
6229,2023/2/19 06:45:12,0,0,0,0,-410.1067505,-410.0426025,-410.1516724,0,0,0,0.037226278334856,0,0
6230,2023/2/19 06:45:16,0,0,0,0,-410.1067505,-410.0426025,-410.1516724,0,0,0,0.037226278334856,0,0
6231,2023/2/19 06:45:20,0,0,0,0,-410.1067505,-410.0426025,-410.1516724,0,0,0,0.037226278334856,0,0
6232,2023/2/19 06:45:24,0,0,0,0,-410.1067505,-410.0426025,-410.1516724,0,0,0,0.037226278334856,0,0
6233,2023/2/19 06:45:28,0,0,0,0,-410.1067505,-410.0426025,-410.1516724,0,0,0,0.037226278334856,0,0
6234,2023/2/19 06:45:32,0,0,0,0,-410.1067505,-410.0426025,-410.1516724,0,0,0,0.037226278334856,0,0
6235,2023/2/19 06:45:36,0,0,0,0,-410.1067505,-410.0426025,-410.1516724,0,0,0,0.037226278334856,0,0
6236,2023/2/19 06:45:40,0,0,0,0,-410.1067505,-410.0426025,-410.1516724,0,0,0,0.037226278334856,0,0
6237,2023/2/19 06:45:44,0,0,0,0,-410.1067505,-410.0426025,-410.1516724,0,0,0,0.037226278334856,0,0
6238,2023/2/19 06:45:48,0,0,0,0,-410.1067505,-410.0426025,-410.1516724,0,0,0,0.037226278334856,0,0
6239,2023/2/19 06:45:52,0,0,0,0,-410.1067505,-410.0426025,-410.1516724,0,0,0,0.037226278334856,0,0
6240,2023/2/19 06:45:56,0,0,0,0,-410.1067505,-410.0426025,-410.1516724,0,0,0,0.037226278334856,0,0
6241,2023/2/19 06:46:00,0,0,0,0,-410.1067505,-410.0426025,-410.1516724,0,0,0,0.037226278334856,0,0
6242,2023/2/19 06:46:04,0,0,0,0,-410.1067505,-410.0426025,-410.1516724,0,0,0,0.037226278334856,0,0
6243,2023/2/19 06:46:08,0,0,0,0,-410.1067505,-410.0426025,-410.1516724,0,0,0,0.037226278334856,0,0
6244,2023/2/19 06:46:12,0,0,0,0,-410.1067505,-410.0426025,-410.1516724,0,0,0,0.037226278334856,0,0
6245,2023/2/19 06:46:16,0,0,0,0,-410.1067505,-410.0426025,-410.1516724,0,0,0,0.037226278334856,0,0
6246,2023/2/19 06:46:20,0,0,0,0,-410.1067505,-410.0426025,-410.1516724,0,0,0,0.037226278334856,0,0
6247,2023/2/19 06:46:24,0,0,0,0,-410.1067505,-410.0426025,-410.1516724,0,0,0,0.037226278334856,0,0
6248,2023/2/19 06:46:28,0,0,0,0,-410.1067505,-410.0426025,-410.1516724,0,0,0,0.037226278334856,0,0
6249,2023/2/19 06:46:32,0,0,0,0,-410.1067505,-410.0426025,-410.1516724,0,0,0,0.037226278334856,0,0
6250,2023/2/19 06:46:36,0,0,0,0,-410.1067505,-410.0426025,-410.1516724,0,0,0,0.037226278334856,0,0
6251,2023/2/19 06:46:40,0,0,0,0,-410.1067505,-410.0426025,-410.1516724,0,0,0,0.037226278334856,0,0
6252,2023/2/19 06:46:44,0,0,0,0,-410.1067505,-410.0426025,-410.1516724,0,0,0,0.037226278334856,0,0
6253,2023/2/19 06:46:48,0,0,0,0,-410.1067505,-410.0426025,-410.1516724,0,0,0,0.037226278334856,0,0
6254,2023/2/19 06:46:52,0,0,0,0,-410.1067505,-410.0426025,-410.1516724,0,0,0,0.037226278334856,0,0
6255,2023/2/19 06:46:56,0,0,0,0,-410.1067505,-410.0426025,-410.1516724,0,0,0,0.037226278334856,0,0
6256,2023/2/19 06:47:00,0,0,0,0,-410.1067505,-410.0426025,-410.1516724,0,0,0,0.037226278334856,0,0
6257,2023/2/19 06:47:04,0,0,0,0,-410.1067505,-410.0426025,-410.1516724,0,0,0,0.037226278334856,0,0
6258,2023/2/19 06:47:08,0,0,0,0,-410.1067505,-410.0426025,-410.1516724,0,0,0,0.037226278334856,0,0
6259,2023/2/19 06:47:12,0,0,0,0,-410.1067505,-410.0426025,-410.1516724,0,0,0,0.037226278334856,0,0
6260,2023/2/19 06:47:16,0,0,0,0,-410.1067505,-410.0426025,-410.1516724,0,0,0,0.037226278334856,0,0
6261,2023/2/19 06:47:20,0,0,0,0,-410.1067505,-410.0426025,-410.1516724,0,0,0,0.037226278334856,0,0
6262,2023/2/19 06:47:24,0,0,0,0,-410.1067505,-410.0426025,-410.1516724,0,0,0,0.037226278334856,0,0
6263,2023/2/19 06:47:28,0,0,0,0,-410.1067505,-410.0426025,-410.1516724,0,0,0,0.037226278334856,0,0
6264,2023/2/19 06:47:32,0,0,0,0,-410.1067505,-410.0426025,-410.1516724,0,0,0,0.037226278334856,0,0
6265,2023/2/19 06:47:36,0,0,0,0,-410.1067505,-410.0426025,-410.1516724,0,0,0,0.037226278334856,0,0
6266,2023/2/19 06:47:40,0,0,0,0,-410.1067505,-410.0426025,-410.1516724,0,0,0,0.037226278334856,0,0
6267,2023/2/19 06:47:44,0,0,0,0,-410.1067505,-410.0426025,-410.1516724,0,0,0,0.037226278334856,0,0
6268,2023/2/19 06:47:48,0,0,0,0,-410.1067505,-410.0426025,-410.1516724,0,0,0,0.037226278334856,0,0
6269,2023/2/19 06:47:52,0,0,0,0,-410.1067505,-410.0426025,-410.1516724,0,0,0,0.037226278334856,0,0
6270,2023/2/19 06:47:56,0,0,0,0,-410.1067505,-410.0426025,-410.1516724,0,0,0,0.037226278334856,0,0
6271,2023/2/19 06:48:00,0,0,0,0,-410.1067505,-410.0426025,-410.1516724,0,0,0,0.037226278334856,0,0
6272,2023/2/19 06:48:04,0,0,0,0,-410.1067505,-410.0426025,-410.1516724,0,0,0,0.037226278334856,0,0
6273,2023/2/19 06:48:08,0,0,0,0,-410.1067505,-410.0426025,-410.1516724,0,0,0,0.037226278334856,0,0
6274,2023/2/19 06:48:12,0,0,0,0,-410.1067505,-410.0426025,-410.1516724,0,0,0,0.037226278334856,0,0
6275,2023/2/19 06:48:16,0,0,0,0,-410.1067505,-410.0426025,-410.1516724,0,0,0,0.037226278334856,0,0
6276,2023/2/19 06:48:20,0,0,0,0,-410.1067505,-410.0426025,-410.1516724,0,0,0,0.037226278334856,0,0
6277,2023/2/19 06:48:24,0,0,0,0,-410.1067505,-410.0426025,-410.1516724,0,0,0,0.037226278334856,0,0
6278,2023/2/19 06:48:28,0,0,0,0,-410.1067505,-410.0426025,-410.1516724,0,0,0,0.037226278334856,0,0
6279,2023/2/19 06:48:32,0,0,0,0,-410.1067505,-410.0426025,-410.1516724,0,0,0,0.037226278334856,0,0
6280,2023/2/19 06:48:36,0,0,0,0,-410.1067505,-410.0426025,-410.1516724,0,0,0,0.037226278334856,0,0
6281,2023/2/19 06:48:40,0,0,0,0,-410.1067505,-410.0426025,-410.1516724,0,0,0,0.037226278334856,0,0
6282,2023/2/19 06:48:44,0,0,0,0,-410.1067505,-410.0426025,-410.1516724,0,0,0,0.037226278334856,0,0
6283,2023/2/19 06:48:48,0,0,0,0,-410.1067505,-410.0426025,-410.1516724,0,0,0,0.037226278334856,0,0
6284,2023/2/19 06:48:52,0,0,0,0,-410.1067505,-410.0426025,-410.1516724,0,0,0,0.037226278334856,0,0
6285,2023/2/19 06:48:56,0,0,0,0,-410.1067505,-410.0426025,-410.1516724,0,0,0,0.037226278334856,0,0
6286,2023/2/19 06:49:00,0,0,0,0,-410.1067505,-410.0426025,-410.1516724,0,0,0,0.037226278334856,0,0
6287,2023/2/19 06:49:04,0,0,0,0,-410.1067505,-410.0426025,-410.1516724,0,0,0,0.037226278334856,0,0
6288,2023/2/19 06:49:08,0,0,0,0,-410.1067505,-410.0426025,-410.1516724,0,0,0,0.037226278334856,0,0
6289,2023/2/19 06:49:12,0,0,0,0,-410.1067505,-410.0426025,-410.1516724,0,0,0,0.037226278334856,0,0
6290,2023/2/19 06:49:16,0,0,0,0,-410.1067505,-410.0426025,-410.1516724,0,0,0,0.037226278334856,0,0
6291,2023/2/19 06:49:20,0,0,0,0,-410.1067505,-410.0426025,-410.1516724,0,0,0,0.037226278334856,0,0
6292,2023/2/19 06:49:24,0,0,0,0,-410.1067505,-410.0426025,-410.1516724,0,0,0,0.037226278334856,0,0
6293,2023/2/19 06:49:28,0,0,0,0,-410.1067505,-410.0426025,-410.1516724,0,0,0,0.037226278334856,0,0
6294,2023/2/19 06:49:32,0,0,0,0,-410.1067505,-410.0426025,-410.1516724,0,0,0,0.037226278334856,0,0
6295,2023/2/19 06:49:36,0,0,0,0,-410.1067505,-410.0426025,-410.1516724,0,0,0,0.037226278334856,0,0
6296,2023/2/19 06:49:40,0,0,0,0,-410.1067505,-410.0426025,-410.1516724,0,0,0,0.037226278334856,0,0
6297,2023/2/19 06:49:44,0,0,0,0,-410.1067505,-410.0426025,-410.1516724,0,0,0,0.037226278334856,0,0
6298,2023/2/19 06:49:48,0,0,0,0,-410.1067505,-410.0426025,-410.1516724,0,0,0,0.037226278334856,0,0
6299,2023/2/19 06:49:52,0,0,0,0,-410.1067505,-410.0426025,-410.1516724,0,0,0,0.037226278334856,0,0
6300,2023/2/19 06:49:56,0,0,0,0,-410.1067505,-410.0426025,-410.1516724,0,0,0,0.037226278334856,0,0
6301,2023/2/19 06:50:00,0,0,0,0,-410.1067505,-410.0426025,-410.1516724,0,0,0,0.037226278334856,0,0
6302,2023/2/19 06:50:04,0,0,0,0,-410.1067505,-410.0426025,-410.1516724,0,0,0,0.037226278334856,0,0
6303,2023/2/19 06:50:08,0,0,0,0,-410.1067505,-410.0426025,-410.1516724,0,0,0,0.037226278334856,0,0
6304,2023/2/19 06:50:12,0,0,0,0,-410.1067505,-410.0426025,-410.1516724,0,0,0,0.037226278334856,0,0
6305,2023/2/19 06:50:16,0,0,0,0,-410.1067505,-410.0426025,-410.1516724,0,0,0,0.037226278334856,0,0
6306,2023/2/19 06:50:20,0,0,0,0,-410.1067505,-410.0426025,-410.1516724,0,0,0,0.037226278334856,0,0
6307,2023/2/19 06:50:24,0,0,0,0,-410.1067505,-410.0426025,-410.1516724,0,0,0,0.037226278334856,0,0
6308,2023/2/19 06:50:28,0,0,0,0,-410.1067505,-410.0426025,-410.1516724,0,0,0,0.037226278334856,0,0
6309,2023/2/19 06:50:32,0,0,0,0,-410.1067505,-410.0426025,-410.1516724,0,0,0,0.037226278334856,0,0
6310,2023/2/19 06:50:36,0,0,0,0,-410.1067505,-410.0426025,-410.1516724,0,0,0,0.037226278334856,0,0
6311,2023/2/19 06:50:40,0,0,0,0,-410.1067505,-410.0426025,-410.1516724,0,0,0,0.037226278334856,0,0
6312,2023/2/19 06:50:44,0,0,0,0,-410.1067505,-410.0426025,-410.1516724,0,0,0,0.037226278334856,0,0
6313,2023/2/19 06:50:48,0,0,0,0,-410.1067505,-410.0426025,-410.1516724,0,0,0,0.037226278334856,0,0
6314,2023/2/19 06:50:52,0,0,0,0,-410.1067505,-410.0426025,-410.1516724,0,0,0,0.037226278334856,0,0
6315,2023/2/19 06:50:56,0,0,0,0,-410.1067505,-410.0426025,-410.1516724,0,0,0,0.037226278334856,0,0
6316,2023/2/19 06:51:00,0,0,0,0,-410.1067505,-410.0426025,-410.1516724,0,0,0,0.037226278334856,0,0
6317,2023/2/19 06:51:04,0,0,0,0,-410.1067505,-410.0426025,-410.1516724,0,0,0,0.037226278334856,0,0
6318,2023/2/19 06:51:08,0,0,0,0,-410.1067505,-410.0426025,-410.1516724,0,0,0,0.037226278334856,0,0
6319,2023/2/19 06:51:12,0,0,0,0,-410.1067505,-410.0426025,-410.1516724,0,0,0,0.037226278334856,0,0
6320,2023/2/19 06:51:16,0,0,0,0,-410.1067505,-410.0426025,-410.1516724,0,0,0,0.037226278334856,0,0
6321,2023/2/19 06:51:20,0,0,0,0,-410.1067505,-410.0426025,-410.1516724,0,0,0,0.037226278334856,0,0
6322,2023/2/19 06:51:24,0,0,0,0,-410.1067505,-410.0426025,-410.1516724,0,0,0,0.037226278334856,0,0
6323,2023/2/19 06:51:28,0,0,0,0,-410.1067505,-410.0426025,-410.1516724,0,0,0,0.037226278334856,0,0
6324,2023/2/19 06:51:32,0,0,0,0,-410.1067505,-410.0426025,-410.1516724,0,0,0,0.037226278334856,0,0
6325,2023/2/19 06:51:36,0,0,0,0,-410.1067505,-410.0426025,-410.1516724,0,0,0,0.037226278334856,0,0
6326,2023/2/19 06:51:40,0,0,0,0,-410.1067505,-410.0426025,-410.1516724,0,0,0,0.037226278334856,0,0
6327,2023/2/19 06:51:44,0,0,0,0,-410.1067505,-410.0426025,-410.1516724,0,0,0,0.037226278334856,0,0
6328,2023/2/19 06:51:48,0,0,0,0,-410.1067505,-410.0426025,-410.1516724,0,0,0,0.037226278334856,0,0
6329,2023/2/19 06:51:52,0,0,0,0,-410.1067505,-410.0426025,-410.1516724,0,0,0,0.037226278334856,0,0
6330,2023/2/19 06:51:56,0,0,0,0,-410.1067505,-410.0426025,-410.1516724,0,0,0,0.037226278334856,0,0
6331,2023/2/19 06:52:00,0,0,0,0,-410.1067505,-410.0426025,-410.1516724,0,0,138.393295288086,0.335036516189575,0,0
6332,2023/2/19 06:52:04,0,0,0,0,-410.1067505,-410.0426025,-410.1516724,0,0,219.615570068359,0.67007303237915,0,0
6333,2023/2/19 06:52:08,0,0,0,0,-410.1067505,-410.0426025,-410.1516724,0,0,220.009841918945,0.67007303237915,0,0
6334,2023/2/19 06:52:12,0,0,0,0,-410.1067505,-410.0426025,-410.1516724,0,0,220.40412902832,0.67007303237915,0,0
6335,2023/2/19 06:52:16,0,0,0,0,-410.1067505,-410.0426025,-410.1516724,0,0,220.40412902832,0.67007303237915,0,0
6336,2023/2/19 06:52:20,0,0,0,0,-410.1067505,-410.0426025,-410.1516724,0,0,220.40412902832,0.67007303237915,0,0
6337,2023/2/19 06:52:24,0,0,0,0,-410.1067505,-410.0426025,-410.1516724,0,0,220.40412902832,0.67007303237915,0,0
6338,2023/2/19 06:52:28,0,0,0,0,-410.1067505,-410.0426025,-410.1516724,0,0,220.009841918945,0.67007303237915,0,0
6339,2023/2/19 06:52:32,0,0,0,0,-410.1067505,-410.0426025,-410.1516724,0,0,220.40412902832,0.651459872722626,0,0
6340,2023/2/19 06:52:36,0,0,0,0,-410.1067505,-410.0426025,-410.1516724,0,0,220.40412902832,0.67007303237915,0,0
6341,2023/2/19 06:52:40,0,0,0,0,-410.1067505,-410.0426025,-410.1516724,0,0,220.40412902832,0.67007303237915,0,0
6342,2023/2/19 06:52:44,0,0,0,0,-410.1067505,-410.0426025,-410.1516724,0,0,220.40412902832,0.67007303237915,0,0
6343,2023/2/19 06:52:48,0,0,0,0,-410.1067505,-410.0426025,-410.1516724,0,0,220.40412902832,0.67007303237915,0,0
6344,2023/2/19 06:52:52,0,0,0,0,-410.1067505,-410.0426025,-410.1516724,-206.6666565,-213.3333282,327.649078369141,5.30474472045898,0,0
6345,2023/2/19 06:52:56,0,0,0,0,-410.1067505,-410.0426025,-410.1516724,-1133.333252,-1126.666626,330.014770507813,7.29635095596313,0,0
6346,2023/2/19 06:53:00,0,0,0,-0.100000001,-410.4085388,-410.3443604,-410.4281311,-479.9999695,-493.333313,330.014770507813,8.46897888183594,0,0
6347,2023/2/19 06:53:04,0,-0.200000003,-0.200000003,-0.100000001,-410.8396606,-410.7754211,-410.8321533,-133.3333282,-140,330.409057617188,9.58576679229736,0,0
6348,2023/2/19 06:53:08,0,-0.200000003,0,0,-411.3138733,-411.2711792,-411.2999573,-40,-40,330.014770507813,10.7025556564331,0,0
6349,2023/2/19 06:53:12,0,0,0,0,-411.5294495,-411.4651489,-411.5126038,-80,-86.66666412,330.014770507813,11.8007307052612,0,0
6350,2023/2/19 06:53:16,0,0,0,0,-411.7019043,-411.6591492,-411.70401,-73.33332825,-73.33332825,330.014770507813,12.2102193832397,0,0
